,USD,EUR,GBP,JPY,CAD,AUD,CHF,CNY,HKD,NZD,C11,C12,C13,C14,C15,C16,C17,C18,C19,C20,C21,C22,C23,C24,C25,C26,C27,C28,C29,C30,C31,C32,C33,C34,C35,C36,C37,C38,C39,C40,C41,C42,C43,C44,C45,C46,C47,C48,C49,C50
USD,1.0,143.2817589101794,110.1280589546338,90.23374782555172,23.579928068880058,23.506569016868696,8.84388680344493,129.40509221434814,89.93289509459406,105.75692852222336,3.18005139054328,145.3275239991168,124.59760532011323,32.034597369862276,27.316376650978054,27.531890740823414,45.725426853924226,78.47817746963807,65.0445286796815,43.569091694221974,92.26379267498201,21.067328690903732,43.760241647721,54.74559024671232,68.68087095611816,118.04155017148288,30.099873317054957,77.39311892357215,88.52425702822974,7.052920418796812,90.82075738284813,25.7547441665153,9.863380175224014,142.0972457629106,144.21606370196668,121.04952418156083,45.68160508318978,14.774896250855258,102.80775615769582,66.33472457303363,18.3884207467666,74.044274569244,5.266044986087784,136.76285766738943,38.914950629817355,99.68146456261948,46.822585063379776,78.07594121115433,81.99241692350488,27.677703447399352
EUR,0.006984534216662595,1.0,0.7664938621868844,0.6308123396935266,0.16438714399320292,0.1646816469128147,0.06200475511032427,0.9088573705373042,0.6319682225679888,0.7468622660075998,0.02227704952183802,1.0158609469588142,0.873843166882027,0.22313301308282107,0.19264223513284695,0.19407440589148992,0.3209187284740315,0.5543258198626669,0.45610082787342077,0.3058514239469169,0.6463490846208058,0.1473815989069906,0.30872158670673683,0.387313350416673,0.47920407256633457,0.8227811456079335,0.21000603196334888,0.5408201348681823,0.6253724914574728,0.049704030961296504,0.6361414842119358,0.17995898419760517,0.06902008673326598,0.9953041948066124,1.0118191177068636,0.849029260463403,0.322302909729599,0.10318192336778645,0.7200359625327364,0.46428755517790093,0.12880009025707181,0.5236420592631313,0.03701748393188084,0.954116557641492,0.27269815184251067,0.6956924209703029,0.32763523682035095,0.5448115030517852,0.5759804752130671,0.19500752655502204
GBP,0.009064481703664473,1.2956543782965693,1.0,0.821351749097925,0.21330147379024653,0.21306621604923257,0.08017967754400362,1.1888895712013445,0.8192463012057185,0.9690151797042769,0.029081939020622005,1.3212528900743499,1.1396962363370502,0.290345161650537,0.24941072747381438,0.2515725528942572,0.41631588493104277,0.7142058756015897,0.592446790246195,0.397691557443918,0.8334002013727161,0.1904254599328421,0.40001840398336064,0.5018427903422074,0.6203812402987391,1.0727171886760811,0.27269492745690244,0.7038029993588502,0.8068538714020589,0.06443291758857893,0.8292007217605428,0.23467724645825838,0.08937350711626821,1.2939728211598132,1.3137918798817076,1.1089718787174956,0.4182463693619532,0.13389709560050747,0.9363072676754373,0.6035778493406322,0.16757145757915878,0.6769720322375802,0.047723482853268995,1.2369769015274632,0.3555227299174274,0.9088034950540376,0.4269286132277549,0.7096008473088585,0.7459820549401028,0.25378824578186543
JPY,0.01117523730609707,1.593564655227745,1.225897238044313,1.0,0.26180809955961143,0.2603094874828508,0.09769635808377426,1.4521290324902412,1.0051674726121393,1.1767579744381833,0.035317884239078536,1.622096371663893,1.383198678773741,0.3542043318146949,0.3046441120801923,0.30772062333912703,0.5095272097536547,0.8742740055140474,0.7233631372965805,0.4857614853696994,1.0202309876880404,0.23444094135067106,0.48929981435571057,0.6145419258505523,0.7632862262619518,1.3121079376473188,0.33291896663240444,0.8579984239155003,0.9872582497160387,0.07841630447743352,1.0196275189519528,0.2853344309396364,0.11008432276783096,1.5864463088686895,1.617064097868838,1.3499937283520862,0.5097657361503782,0.16407086247141375,1.1393020116786454,0.7371622719327124,0.20429019404237803,0.8234011266934848,0.058576888779263904,1.5134498970822616,0.4348051408312152,1.1115824300420383,0.5233785035382991,0.8677403520474851,0.9088967896854588,0.3108764110999489
CAD,0.04254581594017791,6.100242515771537,4.697669108615191,3.8385192305282505,1.0,0.9977908659728268,0.37452810461104824,5.551794285517534,3.8336631468655256,4.508369425956394,0.13570906500860674,6.221434749638686,5.327497144477198,1.3604010206457147,1.1600094806258612,1.1761332141046397,1.9555292729538996,3.34128951445302,2.761523758480324,1.869970855662687,3.918638132903394,0.8962979057071111,1.872567567174565,2.3391612971492948,2.9089712856930787,5.030924361044083,1.2825810588333943,3.2982680606029393,3.800808479715936,0.30074762911577546,3.881790005876456,1.0958360174339792,0.42005899048331935,6.072475762850314,6.185357475540677,5.183750561520771,1.9452075710172325,0.6268398593595925,4.353422768897233,2.8156017643383264,0.7794960369435967,3.1634876528077203,0.223827511149974,5.7953263446913015,1.6573476158201383,4.212736100202593,1.9844367498851563,3.3341578342277933,3.4885884611573315,1.1796202371316151
AUD,0.0425924195671282,6.089238798884864,4.663419986335734,3.8303067764676433,0.9960067993110852,1.0,0.37333540249800373,5.534954813378401,3.8428468499095665,4.530233098944179,0.13595960609558588,6.224852016275999,5.318759563043445,1.3572506936807789,1.1683190580871585,1.172270366562096,1.9451046764172462,3.339737035797303,2.748335600733737,1.8718476357105591,3.922964064294788,0.8964265841527271,1.8673695671406778,2.335159197483356,2.905420498211336,5.003652554819004,1.2794422761642938,3.2937644132092876,3.791814083327476,0.30009794935164724,3.8999881563989005,1.095344736645279,0.4197225858052454,6.067940729230179,6.163105987253982,5.151379004767872,1.945857382646178,0.6293359017414721,4.350613552705958,2.803029517751681,0.7796948484620141,3.1505273323704204,0.22456194977241697,5.820447319661092,1.6556707910595743,4.216235125405918,1.9938002294682127,3.323066311649054,3.4825921675933302,1.1834349317865198
CHF,0.11343423204825263,16.212287034966447,12.487519933906489,10.15477682386736,2.6636146443478252,2.6699042393764936,1.0,14.755059867646892,10.279488975258356,12.082649723271118,0.3605057532535912,16.449312347797168,14.20061252568774,3.6084263956839093,3.1088742595697347,3.1468882245367205,5.193799558943381,8.933268044379929,7.374071090454683,4.966311486893759,10.430499929077804,2.3962212694331315,4.97829196426257,6.276036024154302,7.805665266098418,13.335196927330548,3.3953309169157007,8.729185248269664,10.04624805031547,0.7987380041581584,10.371362177564182,2.901362524089293,1.1165775250042091,16.218139340554977,16.36903286875823,13.814446237515702,5.184871034369848,1.6674472364023543,11.680666198965755,7.512894882490008,2.0964597046139692,8.459633805098932,0.5984950915061902,15.455197826482845,4.4018218592165645,11.316480985308086,5.333324480503803,8.906943324906708,9.30880585606976,3.1537336325983554
CNY,0.007717143606475673,1.095776940538215,0.8488467070381175,0.6938666823334234,0.18062607548783663,0.1811799874439242,0.0679480042880886,1.0,0.6914673311188891,0.8209012823566141,0.024517375824052588,1.1233235956595118,0.9593551786836527,0.24669824607903793,0.2102916287860918,0.21130834286105293,0.35317273266820287,0.6036570771939972,0.49816440902147585,0.33825026980122963,0.7097939102091471,0.16180999523880907,0.33823622941592013,0.42319038857363206,0.5258074152767495,0.9050040344652033,0.23151419465927173,0.595495236200405,0.6861805490588655,0.05451272145727858,0.6987718078251768,0.19747708911295703,0.07547839496949546,1.095957018299606,1.114081636114968,0.936964358371675,0.3516503705747697,0.11301080244021572,0.7872876460686885,0.5098642593332078,0.141721591669991,0.5697295422939849,0.04027237709220177,1.0518814098551803,0.29802232053698685,0.7675250768016165,0.3611061638126632,0.5982108810405425,0.6288390452901385,0.2150612429176766
HKD,0.011071659128928494,1.5788949101170102,1.221293862926459,1.0003721407556847,0.26163496756355703,0.2609891056932518,0.09750709256652813,1.434460792403254,1.0,1.180998756947323,0.03533507680976157,1.6116156371844244,1.3900298763264196,0.35258283749049224,0.30323037689921384,0.3043828570939854,0.5065185322173391,0.8692386095681434,0.716144720054962,0.4831978449844064,1.01936220017609,0.2334828928092233,0.4869800251904517,0.6127221922849846,0.7580244836044506,1.3030614833971994,0.33413978351540863,0.8532628683310007,0.9901074581117586,0.07791468305674266,1.0154336578605774,0.2831741893785861,0.10963396226211028,1.5783381538536339,1.6136449085681852,1.3387173995565378,0.5075678981877605,0.1641802408071938,1.1383826616508776,0.7334714720368694,0.20430241382922465,0.8235848109134875,0.05832733719448547,1.513429409349076,0.43286079094597274,1.0970329941032717,0.5179515181453781,0.8692192129029256,0.9131437863109764,0.3081502316405597
NZD,0.009423951219942715,1.3393682874264365,1.0305279209687486,0.8453146338213401,0.2207523835186215,0.22122747062445605,0.08254460771816774,1.228879276626706,0.8532160138673603,1.0,0.03004448399588291,1.3699350006445499,1.1732416299958528,0.3014853383511516,0.25796382107057936,0.258840583624657,0.43198132467550965,0.7437402443787365,0.6131419273610174,0.41278218624738533,0.8652185086235243,0.19759917899044624,0.41493208904546736,0.5197571418391672,0.6415048395242304,1.1035378325686982,0.2823228361827946,0.7287592350229188,0.8408893064738384,0.06624831364344683,0.8589676673321369,0.2412554754389104,0.09316188588376272,1.3443599426860429,1.3680176609704837,1.1411963790476563,0.4303707629953028,0.13843784562697145,0.9620764343684878,0.624245233653014,0.17367348604022576,0.7031098290632755,0.04970757563610649,1.2846633946928026,0.36705292083919633,0.9398923823027768,0.442292726728574,0.7328776605860404,0.7719430544998943,0.26079191060539963
C11,0.31533637653403734,44.815039242301324,34.382010231945394,28.249848511816328,7.381599497048703,7.36129915672081,2.7538477177578287,40.85952562730069,28.322769566911614,33.440753966790005,1.0,45.67996787700545,39.340265498084236,10.028267503946182,8.592446525409953,8.694163454404984,14.333743475619578,24.633459710869893,20.260755481620752,13.770300078759941,28.856968963195992,6.608771789129907,13.738787051072366,17.207844801605326,21.387552892399988,36.92280651319363,9.435571046338929,24.202722369206167,27.890168101112458,2.22608843577449,28.576148239398112,8.056576348333051,3.1011829598956897,44.63522809281858,45.52497729933252,38.20869946667383,14.4296475936452,4.611047352207451,32.365640825086224,20.741249314201816,5.759974135617167,23.322538801374986,1.6574705681066497,42.81654533603391,12.187445864251172,31.248184506584938,14.660843205879104,24.399403563259117,25.661400360382657,8.697296304328543
C12,0.006849422927976314,0.976682243894948,0.7559350934001353,0.6155297765656164,0.16118653166586155,0.16205128788847264,0.060515990030336024,0.8946181011213876,0.6179934464018172,0.7279781468883407,0.021795317327824592,1.0,0.855523723619467,0.21897759138034534,0.18741702632705295,0.18887171880993708,0.3129608975406444,0.5411394306347077,0.4444178156745909,0.3003368834818259,0.631110113457488,0.14468490039753054,0.30029850558136434,0.3792876725661967,0.4711849562830677,0.8062795476285359,0.20718534631205654,0.532743561553989,0.6083788676450882,0.048437574931442566,0.6285687163651728,0.17681877931033407,0.06749735276348946,0.9754947860911569,0.9943029288170087,0.8334622300561566,0.31490742234880487,0.10118756140813337,0.705398504020635,0.4553070206140871,0.125839409296352,0.5096107918003836,0.03619540220740149,0.941279136691845,0.26734344573501895,0.683513408921851,0.3205836221392512,0.5362390720565959,0.564155085938917,0.19065339599201286
C13,0.00798900746403362,1.1405627165330694,0.8752085783049149,0.7181037899490145,0.18753067237090085,0.18772002832332416,0.0702516456227065,1.044554471096621,0.7230083962028994,0.8522395237145454,0.025582534808117518,1.1649867755586159,1.0,0.25461991776608717,0.219130546281959,0.22113709583476185,0.3668877017381472,0.6302464529009681,0.5173399976685178,0.34961192184781503,0.7342146172005871,0.16848379305545658,0.3517171733565488,0.4399189747175878,0.5508988341876321,0.9442624993962022,0.23984169053705093,0.6155865061498174,0.7094177566077051,0.056412526170075056,0.7275730301091439,0.2048405565531815,0.07871408484688802,1.1360461889629947,1.1644721272494347,0.9670613959467426,0.3665251887372594,0.11793297352156189,0.8260663710973106,0.5270726880868076,0.14713548759528558,0.597966667986713,0.04223184672184251,1.0957413801979292,0.31066612561451523,0.7934209813162408,0.37558675948930725,0.6277336723350514,0.6574020968330014,0.22284509744929967
C14,0.031249961457528837,4.478485718232318,3.428858262913101,2.8086919446739578,0.7350438866999626,0.7355351066884234,0.2751064586559873,4.053893298105106,2.8283108769843848,3.320286248532513,0.09985093356253878,4.540817062689241,3.9104614898126657,1.0,0.8570245036033524,0.8602878065471484,1.4291185606962498,2.457687228833685,2.0221157531984724,1.3770791495475014,2.870488391854642,0.6600525267211915,1.371290078127787,1.7262177538512464,2.149822893949444,3.692824723690253,0.9402727633344385,2.415176478339841,2.780131678062807,0.22215270127977807,2.864812230011742,0.8074286221434755,0.30737035169514365,4.46815519080424,4.5563684246511755,3.7862059692722676,1.4269887217007684,0.4627862070295266,3.2177942863016273,2.07658935537034,0.5739894661411887,2.3347115495608577,0.16408457814203714,4.257748039859843,1.2139365594487999,3.12326849156396,1.4689440736368136,2.4452583462358524,2.566144103142492,0.8742531249244301
C15,0.03651631904824768,5.229780346075036,4.0123117888586215,3.280077122345474,0.8582689044948197,0.8567520753082699,0.3227328896978964,4.750161460601455,3.2887489231205276,3.8991918892805746,0.11631699789229201,5.3207771262039945,4.583739290791721,1.1686581596653858,1.0,1.0047912252708147,1.6781574629446598,2.8828349987057673,2.366666624607633,1.5937310951524213,3.3662884104374653,0.7689608681471121,1.6050545326603107,2.0191268428120255,2.510000596312624,4.291176854999499,1.0957390446320736,2.814404441019748,3.2578317127715835,0.2569850511649158,3.3351422448234644,0.9405369409102597,0.36147492202791026,5.1950371704887495,5.312030299767102,4.4161600076495695,1.6786401662657717,0.5368611141571599,3.7491855187626455,2.4227360703048544,0.6700333359542854,2.7097150435380173,0.19252092930920628,4.997421397229752,1.4236962963556026,3.6411204602553755,1.7124669284882614,2.846384714497294,2.9948300751190047,1.0133637768389638
C16,0.03638997816747828,5.172849488333649,3.9763578174108374,3.254699896468198,0.8550290372594509,0.8481403343219036,0.31944839635363526,4.709548907427789,3.2729262158276584,3.8317929726816025,0.11588254540885791,5.2956072065687865,4.528956595271132,1.1594677067240908,0.9956076078542172,1.0,1.6599041300110435,2.8445335450482556,2.3520310180549067,1.5874676760278377,3.3250931736251537,0.7632484227399725,1.5976587571113332,2.0024320524837647,2.480081164439812,4.252712750682554,1.0936624960283987,2.8067691140067983,3.209922416854982,0.25705110912281126,3.316435814781201,0.9302003373716153,0.35735377879571056,5.153394204178952,5.226209251685524,4.388134865354578,1.6635124532395142,0.5315978840849943,3.7146398170056405,2.392387863851492,0.6668666892566448,2.70506581666786,0.19015298447126985,4.93609389926185,1.4128374667971986,3.601166250784781,1.692373386512886,2.8276355957041757,2.963039709996937,1.004615452033506
C17,0.02187865046696987,3.11768096319175,2.412849776596723,1.9628813562088239,0.5142906246285912,0.5144769646738692,0.191744406029347,2.8476032546360113,1.967288286059551,2.335144748236757,0.0694532345049711,3.1804479301555624,2.7209898547626556,0.7020597829888144,0.5985256986079232,0.6042687617481458,1.0,1.7157520864340499,1.4223685930041512,0.9545442694267795,2.016855696554306,0.4583253708420407,0.9573535643727539,1.198152672455391,1.4975254398105853,2.5789717865062203,0.6541971491413544,1.693356528406344,1.9441996003576156,0.1545673018673272,1.993548792593844,0.5608924347634513,0.2156637646699962,3.1034763602078193,3.159055650252295,2.663058796896182,1.0056850713178027,0.3221109400883977,2.24109217406014,1.4478217117391847,0.4020649299378479,1.6184832346727211,0.11457534555942606,2.9908981824920002,0.8522513751483762,2.1647520388533747,1.0216468754206693,1.703243069235389,1.7982993467148694,0.6055259497701235
C18,0.012646376044542277,1.8161248698565602,1.3899374796363275,1.1423946453799685,0.29742771073393154,0.29696825001574434,0.11152875838155808,1.6534659982459117,1.1494015616707163,1.3533464532851167,0.04040503291820332,1.8503326926685046,1.5809187818209403,0.4045605049423765,0.34870032474796486,0.34862388340342193,0.577906215142017,1.0,0.8209537168060071,0.5529143501553472,1.1620505828593395,0.26697959346690003,0.5568492041559387,0.7012821912129834,0.8720335892790936,1.4932715060258874,0.3803767892974591,0.9787952804530482,1.1297879794223433,0.0894673298909299,1.159002218088125,0.32552054061738356,0.12514267774412893,1.806059414346784,1.835306167089426,1.5467383344614059,0.582550254409591,0.18648824704689798,1.3083231322635072,0.8388740954676539,0.23445748589000576,0.94653321585361,0.06666891141023198,1.7236419186308902,0.49264433725888335,1.2627251257523415,0.5953200013290858,0.9886773738719947,1.0380260166565947,0.354272162377124
C19,0.015495240730632943,2.1997206350380893,1.6880145619884506,1.3822103764506812,0.3604409766381,0.3636298385724426,0.13528550289243,2.005275568651913,1.3879001215053988,1.6391673301643137,0.04919830834343097,2.2509247751414705,1.9201124090006132,0.48996456190514776,0.42030588377716455,0.42719084654236295,0.7074452123048576,1.2157203598341186,1.0,0.6754079145212656,1.418200845890562,0.3229358577442664,0.6796508614340208,0.8477127512946754,1.0545320259055873,1.8168508964063983,0.4609978946099427,1.186243292937601,1.3741949722335096,0.10845962452303182,1.4073561615326151,0.3947075988621833,0.1517432044662781,2.190290374735343,2.23041483156104,1.8742809684965698,0.70423714640851,0.22746594556094868,1.5827945162163954,1.0206396655621992,0.28487726334070057,1.1488286662269331,0.08080148623075772,2.093610593975325,0.5982964323071019,1.5344459769063958,0.7188354601796707,1.2036560562879146,1.2665097637170804,0.42812958938715234
C20,0.022916316675575695,3.246491386880603,2.4993409446092123,2.057899633594475,0.5367615600511866,0.5377142911185617,0.20114144612237553,2.9621653431694637,2.068208894538123,2.4353233878935137,0.07294708894884629,3.317498773740493,2.8567049700238893,0.7287181204485358,0.6226415969754382,0.6332379265179943,1.0407875357369567,1.8081396838539134,1.4812747409245786,1.0,2.0918096034728015,0.48037513350542094,1.0068775723970296,1.2603152155973938,1.5695209225455975,2.696474711679537,0.6876624864118487,1.7701479919690708,2.0267372528290877,0.16140166642477163,2.0778489701231937,0.5893398049295839,0.22614382361731292,3.2380657803931197,3.31722524797478,2.783540343720131,1.0425133468068852,0.3371267759901457,2.3561310364893973,1.5031544435281379,0.42120305005144154,1.6952570852328488,0.12060589027733319,3.1321885076271134,0.8927820349365263,2.2714179559817906,1.0740430137201442,1.7901200151711398,1.8718540736165883,0.6376641531050791
C21,0.010840833378085654,1.5547203389635327,1.1929127633549064,0.9747462121362991,0.254722941670295,0.2562677779862059,0.09576282957514462,1.418388989896202,0.9781990944197544,1.154950975377507,0.03470906749883148,1.5891703877321506,1.3576695508911178,0.3481916940121986,0.29908648794660847,0.3008634667695461,0.4964656170939543,0.8537266171591074,0.7088963924865631,0.4742683537735453,1.0,0.2296841836322803,0.478182734184994,0.6018423179590798,0.7478967950651916,1.2893555240835024,0.3265882032930708,0.842874193977434,0.9673154257079402,0.0769085769390315,0.9942327772082193,0.2805311432153849,0.10781172388842533,1.5543982832225958,1.576282433127376,1.3198396442385376,0.4995855986105251,0.1601292037826416,1.1138122310385195,0.7186357126482744,0.19990249444100402,0.807865902435237,0.05707935526197784,1.4788425024870901,0.42153109835217906,1.0880035137817974,0.5096201975402113,0.8491686403590841,0.8952535980401524,0.30202910154720247
C22,0.047810252750517694,6.807213427925487,5.205820256680574,4.272456357133304,1.1221367397032218,1.12269738055078,0.41902942641404656,6.191640535950893,4.279211139510316,5.081448749477185,0.1512160005737924,6.955388521170433,5.952844509950785,1.5213629374067448,1.3021829933123876,1.3097501973573626,2.1683857753828546,3.738236857784349,3.076859539423264,2.088401242533428,4.3635684340001,1.0,2.079873355746237,2.630908531543669,3.2711672970841352,5.630701063852502,1.4364369293508004,3.661664326835577,4.2270419645763555,0.33703533165848976,4.3478878264290355,1.2171629000235944,0.4703610774232958,6.756060926926222,6.875169187945574,5.774529061444994,2.1800976687179063,0.7021782178319748,4.866563214297654,3.156966737096654,0.8734080762577106,3.524568830724197,0.25108209585023133,6.522028720208024,1.8577683841460861,4.746271831392832,2.232170089753862,3.717154334232,3.889218529547956,1.3224203940356924
C23,0.022753939196600834,3.2413170842063694,2.507747521890681,2.0467104119942534,0.5328655891211468,0.5335279778810607,0.20101101621384254,2.947863078611677,2.062402219407958,2.420344356567787,0.07256361576296114,3.317741925494206,2.8544437599156547,0.7263439360181474,0.6243497324953032,0.6290478742685046,1.0388892912950585,1.8012014074576381,1.4818353988987438,0.9984529536269431,2.09918955945809,0.48043075595563633,1.0,1.256075600339743,1.565088644670432,2.68908218972031,0.6854294009126431,1.760558666586936,2.030589538063497,0.1603646906629979,2.0850544559769526,0.5868200056453217,0.22338355474238106,3.2534432716490906,3.287821900918979,2.758531504783636,1.0451228625169524,0.33470520221799355,2.346483265018649,1.5104711566413946,0.4190900993351994,1.6850295407218454,0.11946575301554206,3.1113898363283283,0.8903177816675604,2.2678855836412146,1.0642600773205368,1.7807787073269967,1.8701307003037828,0.6353595242606871
C24,0.01810455339016446,2.5988815774862735,1.9970179136561084,1.6404711875644398,0.4262279203335082,0.42740333523088836,0.16076263863667872,2.3523965303073684,1.6467727635173137,1.9346465743168093,0.057651484625873675,2.6391518963118252,2.2745999831521084,0.5778417458093893,0.4976229555080476,0.5007450593507219,0.8317546427369608,1.4250558655924805,1.1830659074135468,0.7990605220700474,1.6766850923212686,0.38283324706121896,0.7948381325655894,1.0,1.2476309391379377,2.1309138202813815,0.5432364642218029,1.4004162601400214,1.6157153748131228,0.1287226329224654,1.6601599953160415,0.4661720092602425,0.17865057764785183,2.5999940748433725,2.6308165137081243,2.2032897918730425,0.8289645395084957,0.26872304644450873,1.869679922963421,1.1976948881719864,0.33292442981191184,1.353405528785495,0.09565947578953875,2.4737127462680886,0.7100716226201061,1.8006079363421843,0.8505236771551192,1.4250788387012852,1.4901766992141254,0.5061686825036507
C25,0.014591069009633107,2.0782926377158457,1.6118834576925456,1.310999734495124,0.3444065539174803,0.34207550847008233,0.12826234408089057,1.8890055851821,1.319566185375027,1.5497052680881205,0.04669871986824573,2.1244539898131283,1.832586679149572,0.4648984588761326,0.40102892550399083,0.4041291135327952,0.6693903852857799,1.1543514208579153,0.9496521207757134,0.6398969709117842,1.3361325652727134,0.30543995122162604,0.6437927962267975,0.8045264959895534,1.0,1.7256609942796675,0.43855398915197874,1.123033510237771,1.2936517123928488,0.10335258149335802,1.330717564319754,0.3736910386976744,0.14387528638994018,2.069931678720651,2.117391476851631,1.7673087537509091,0.6703840668008374,0.21489985765020655,1.4988785610303932,0.9604359640192605,0.2675077564228565,1.0844552850873104,0.07673692434924531,1.9943588920436497,0.5668612646195323,1.4548467845496047,0.6863973483156093,1.1433107142070702,1.192934345620455,0.40610978370952966
C26,0.008455579424899775,1.2075277048002453,0.9368621624119818,0.7599265051221469,0.19938333131387256,0.19959040408183878,0.07491275961902248,1.1037322180396802,0.7620249289899159,0.9003193845020477,0.02704785528778984,1.2299871618215341,1.058564157905119,0.2697891258461144,0.23124593706323943,0.23399313759816553,0.38657777978680435,0.6690628660554173,0.5515500403200377,0.37255994618591365,0.7771059993075646,0.17776438738185135,0.37113502449963554,0.46768840490032737,0.5824065423518571,1.0,0.2537433693374471,0.6580800052033342,0.7513262182568574,0.0599826906539539,0.7755791397725229,0.21865218090845653,0.08380731704644816,1.2119693468458241,1.2276595499251923,1.0327909295383768,0.38684447570834496,0.12563257025797192,0.8719630189366463,0.5627310734545266,0.1560703943106724,0.631876719568318,0.0446207256337475,1.1606578727815762,0.3287700217770266,0.8402106225239298,0.3965018003565623,0.6603891795781961,0.6991376127792535,0.2354167832305718
C27,0.033457271108295626,4.741067376621286,3.6454467282868,3.000195427950029,0.7833369489772039,0.7819611979127965,0.29341613195521915,4.336325837196451,2.99563409968657,3.5552272528084905,0.10658087070527668,4.851910025706036,4.145966388993789,1.0651351087537926,0.9070109020906119,0.9144797272863192,1.518264700795243,2.6216672288222633,2.1673324594451193,1.4603077005283163,3.064809291800163,0.6990911356140311,1.4593158405115152,1.8296595522591903,2.290917065954661,3.9044901857809076,1.0,2.579560225995113,2.962691635940688,0.23504238398250074,3.0427238118873894,0.8543857943546156,0.32925935455675837,4.758676607928703,4.8194989913545365,4.029426235348989,1.5252143635703337,0.49288359743412347,3.408782154744398,2.2030532963057285,0.6132885577627882,2.4807710979898356,0.17433523242685522,4.5519987331778005,1.3003252174582574,3.299701205980281,1.5551409627204427,2.6114980478566534,2.7235135124276355,0.9293111575846444
C28,0.012955095834070392,1.84302537360565,1.4281902892034768,1.1633249039673799,0.3043474399851056,0.30382721609146035,0.11420694479169993,1.6778480019335464,1.1674594328144787,1.382917959530897,0.04117331785378758,1.8879302535924294,1.615169722977178,0.4148147095954332,0.3531130414126098,0.35916852171051705,0.5918965566562128,1.0177415278988302,0.8366007548300917,0.5650250759788753,1.1898218712559951,0.27176557183774996,0.5705455134416031,0.712321203983899,0.8848087185787799,1.5279885035035505,0.38989036440008745,1.0,1.1479999759714765,0.09120367679597707,1.1757469825220535,0.333259697283603,0.12784260336569317,1.8436762441272454,1.8831267082470153,1.5761023216510783,0.5933978082651141,0.1916898105529859,1.3262446854135732,0.8528016101296421,0.23775965863465715,0.9587228147704674,0.0681034252279768,1.775020042349428,0.5015559446360269,1.2831254227396842,0.6063855659326982,1.0157174170766978,1.0611175496072245,0.3603309975042736
C29,0.011196656547380158,1.5984911554610037,1.2413575180208438,1.0152280723433773,0.2628812666514576,0.26534194647137604,0.09919790056432173,1.4669691562804021,1.0142106487248548,1.19519831421171,0.03582851423257619,1.6392286964111915,1.3996514802008886,0.3574634719630423,0.30711042345787415,0.3109999627295136,0.512577420220985,0.8874575212582828,0.732858628113639,0.49017002663961196,1.0345577161583401,0.2361936584460908,0.4955299304192649,0.6168526412448312,0.7715916795747261,1.3294966858930841,0.3392983536006195,0.8697707481444465,1.0,0.07944300846542957,1.0267198340126173,0.28971181172892113,0.11088710103750006,1.593529960524398,1.6363064824372577,1.3667558450623711,0.5156452346671327,0.16533915280710415,1.156650706885149,0.7424807632552101,0.20720740715619054,0.8327577010216667,0.059200894852790356,1.5420002783018698,0.4354795483793418,1.123545013306925,0.5262131653267828,0.881271152767629,0.9255438556048662,0.3130191046639811
C30,0.14192217054324907,20.268096896284785,15.534745092032624,12.697801341380059,3.330997324503263,3.335147827252888,1.2501679381707886,18.452260614587487,12.763711298292042,15.08976372599834,0.4493210206042027,20.608229793145316,17.594137102028792,4.512813075943909,3.8679532693691776,3.9025926776880424,6.483900795332464,11.138912979505253,9.176844081762571,6.178808376541961,12.983357239645917,2.9665971017401285,6.187974279507961,7.79770685737282,9.70987746801429,16.69828994572491,4.2503879589417455,10.914889406062246,12.633018321835092,1.0,12.910865591358158,3.632525253885731,1.388166371543925,20.12086226423692,20.483705237942086,17.153827276965828,6.484331194235011,2.0878064312494344,14.551680987996983,9.38052817244505,2.6123910108996315,10.546512809249757,0.7473932446102715,19.220099249955446,5.489630506363122,14.005905810764931,6.639543824265558,11.095825325548997,11.587477927755188,3.9542359570382435
C31,0.010920171605786904,1.5710223065167488,1.2028272947088945,0.9814618005260686,0.25758062050827485,0.25695087136358485,0.0963880002131945,1.4224856060550388,0.9924265145139627,1.1657403725779438,0.0348751863482526,1.5975480530950001,1.3727295333225968,0.34942077742710814,0.2997874484104004,0.301499529646138,0.4997224113347104,0.8654469340284296,0.7090192559744959,0.4800459711296294,1.0091883970279916,0.22954163245014533,0.4817545127583953,0.6019866291990741,0.7544268808739566,1.2918420136467421,0.330401132988437,0.8470076192885385,0.9706710476979269,0.07757207126021524,1.0,0.28273695426195,0.10816209863199944,1.5662031863813097,1.594858021162706,1.326617196430689,0.500486387798816,0.16186522001830206,1.1250860112382537,0.7272428151430523,0.20255470698204736,0.8140537346512945,0.05748553619809788,1.5003655233653657,0.42561286102438955,1.0939096562510602,0.5132091791450122,0.8576082932301676,0.8963379140706524,0.3054056215574327
C32,0.038949987358765835,5.562232167520685,4.265573072196996,3.509205598372765,0.9185879352497766,0.9125342872019864,0.3418002266262364,5.039475005292382,3.5202531363617435,4.144480333639071,0.1241975364080134,5.654350839268979,4.861235325275423,1.2454344548658636,1.0659785139529805,1.08048461636392,1.7746283855918306,3.075209301328669,2.524651458906632,1.7038645045775003,3.5857725755483627,0.8203147337659678,1.7188392565816537,2.136003364562271,2.6574311312328507,4.600738019198432,1.171192757063713,3.000963801145811,3.4498687579944023,0.27409286770654573,3.5668267655674266,1.0,0.38270769852534176,5.536939248818906,5.629130645042672,4.719232767505393,1.7755956590186481,0.574550260182484,3.983490833473089,2.5827469220251196,0.7148648508355325,2.897592379249821,0.20555299826856685,5.3236398358841095,1.5160390710592284,3.8671629156325387,1.8216850981126502,3.0469884186368144,3.2132614592568514,1.085463361667119
C33,0.10156878373370974,14.509960181370875,11.144561279129617,9.079445822797219,2.3856733563565746,2.394730030600323,0.8910699358119214,13.215268161326815,9.129553010752264,10.78830784588622,0.32206801957387804,14.761326844031927,12.709378275160676,3.2362406093219755,2.7814460302779933,2.8091768165452162,4.659432384240231,7.973822595950752,6.576157617241075,4.426162531117564,9.366230996091254,2.1418477748054,4.45731183877289,5.603949732859484,6.9513363463506845,11.972455477286466,3.0359354102456066,7.85493180277122,8.990952006761539,0.7192953598013629,9.280878214394374,2.610346465377544,1.0,14.381723681256934,14.674616372600799,12.281859403264885,4.638769230013904,1.4901954837658282,10.467231041865025,6.711282275674756,1.8634986084366523,7.537172485461517,0.5331377780970823,13.860634012405571,3.9484614802460367,10.133656239984022,4.753117167565078,7.962694595255801,8.358366413177654,2.8147358165501286
C34,0.007055785251585304,0.9980822025518998,0.7740348938346525,0.6304127962692944,0.16563376867793994,0.1655919085497893,0.06206128437962833,0.9155441435389762,0.6325154460619944,0.7432652616241066,0.02235893656184787,1.0188042433293174,0.8790812283224664,0.22397747531694975,0.19310148817438752,0.19412416058159393,0.3221439360977513,0.5513045979007027,0.4572450503137959,0.3087035399369608,0.644978199637489,0.1477642102393227,0.3091847035499988,0.3852714421151271,0.48101473519331445,0.8267542872227849,0.21023840683663325,0.5415386742733747,0.6218934676018598,0.049385464307408006,0.6381878897268852,0.18112112879351092,0.06924445385402189,1.0,1.0223765700714138,0.8514728751358709,0.32089467776709896,0.10357010262992662,0.720850870519973,0.46240858617434916,0.1294063555535568,0.5207041595015377,0.03696219992259373,0.9597722948353886,0.27228009101893946,0.6953593504638688,0.32989769013073456,0.5481800298307621,0.5739111781024805,0.19634472184547896
C35,0.006873247431433366,0.9864822422604077,0.7618808156159265,0.618610125678127,0.16157026369643296,0.16151156513288184,0.060680118197734084,0.893496547757706,0.6239667283114982,0.7302474409539571,0.02199485343466851,1.0094159705942642,0.8648724092477355,0.2206890566716235,0.18849080831758955,0.19072735331287208,0.31562876575204973,0.543346406477415,0.4460466935169055,0.30324432810660723,0.6335640785296863,0.14460630830698484,0.30262320466761483,0.37950337441944504,0.4742145176393469,0.8151501734480374,0.20788636991286347,0.5302538506315276,0.6132515053718449,0.04875170822902231,0.6263977740977288,0.17673621811176574,0.06818774896837668,0.9791034377526734,1.0,0.837577209780091,0.31502816502142783,0.10127241581618127,0.7069525314668595,0.4583646301290658,0.12736775056916244,0.515495442253527,0.036273833917011056,0.9380492229561584,0.2686243944122385,0.6860058139009976,0.32438596856936497,0.5367304838684474,0.5664012314600932,0.19131997869194148
C36,0.008231010432775868,1.1786942038050268,0.9053485649634736,0.7398443415528267,0.19345851788596963,0.19355454135457492,0.07282259424950922,1.0756151832240726,0.747186752277205,0.8785123101190536,0.02621840133382503,1.2018856399394588,1.0290773595953426,0.2626288335186898,0.22632824874438814,0.22646155445518,0.3783806848264471,0.6491709410626784,0.5354402547058301,0.36135736317392364,0.7600632732048577,0.17347508960812086,0.36232634795250857,0.4516802560212782,0.5646288951539923,0.9679005682534699,0.24820836972369237,0.6364937609344846,0.7343674180922486,0.05797012981332875,0.7486259117528361,0.2120493117144729,0.08088043293991981,1.1686108497704362,1.1885142667347077,1.0,0.37904828034341137,0.12183552019200056,0.8452911860897955,0.5437424533007036,0.1514353060967609,0.6145442044575904,0.043398522327745014,1.1211997039094959,0.31963037815786144,0.8164071360718587,0.38671694763527137,0.6453278323777677,0.6749663782562064,0.22820532325319934
C37,0.021761075435524607,3.130993822578734,2.3950479813206678,1.9684793810057457,0.5138909505293152,0.5125662509851805,0.1918816946586699,2.8287433829270494,1.9735079690716846,2.327974573627062,0.06971346396622899,3.1802550727930776,2.7164940745792823,0.7010073212729965,0.599569838778759,0.6017090394770888,1.0035768640882157,1.7228686313301718,1.4182634026836471,0.9585283145173029,2.01266996244833,0.4598397833811026,0.9555881128136238,1.2003219753617655,1.502525515313568,2.5670752199460076,0.6554121288515362,1.6855029101710304,1.9415637862298036,0.15451586215574423,2.001130245687612,0.5593122092043391,0.21445810781418634,3.101012974945594,3.177526200254039,2.6540940311933006,1.0,0.32143738455587345,2.2505964265858034,1.449198502363944,0.4033352420798838,1.631026622901822,0.11454624665247476,2.988422863089008,0.8495281898652096,2.179820408771061,1.0255864760907798,1.710472960405289,1.7958287603861696,0.605747491883056
C38,0.06786831851764658,9.72137487998914,7.482930866455493,6.066630242045439,1.5879783857008414,1.5872068482741513,0.5987792578207614,8.842839205066776,6.101919994206636,7.20751222696393,0.2168413517370114,9.892659593752983,8.475373188850417,2.1679921454591953,1.8558956020065898,1.8680131416510204,3.102603373387601,5.3530622055446075,4.415604947466064,2.972304080377631,6.2449081249050415,1.4204354831029855,2.976423644531456,3.713961119146094,4.632740212361349,8.009242529475312,2.047262312364171,5.2149862832966365,6.0250368925390445,0.4805702906416922,6.166530904416311,1.741782437057847,0.6698433463517661,9.667088464179756,9.795526923326042,8.215383272191104,3.113175249762738,1.0,6.968445526238201,4.460463852919913,1.2510327933766954,5.018749014708655,0.357352581401187,9.226024711036963,2.6503722216481345,6.734988912510639,3.17103941285105,5.2767018158247145,5.555395722083765,1.8936526553304658
C39,0.009788616959948464,1.387251201390526,1.0691844004451176,0.8769986897681988,0.22965518168825877,0.22894928447855026,0.0856869357872221,1.2645432195885333,0.8803609238821748,1.029666605136116,0.031065872497109154,1.4150594493408275,1.2199745519156546,0.30973751511944553,0.2666856533564364,0.2687057390730641,0.4458216626101073,0.7638152665109433,0.6321478499496673,0.42645008614005203,0.8948626630526726,0.20485617334705167,0.42827919367409273,0.537521212591592,0.6653317122275273,1.1511129979741088,0.292505998893075,0.7486110572308073,0.8621162327353006,0.06868070062052009,0.8905601080173791,0.25046975048533776,0.09623063970834332,1.3866497827381663,1.4100176572371397,1.1771236105505745,0.4449647022001263,0.14348710874587997,1.0,0.6409782257003627,0.1786574646534902,0.7246765452181239,0.051304188410397925,1.3352638771420018,0.38045078184193315,0.9696813247316883,0.4557338600358766,0.7613434822043638,0.8014905425364068,0.26984006575826963
C40,0.015119798780817985,2.1655439605541043,1.660112059346295,1.3605482549306473,0.35575385509597124,0.3542658386105071,0.13309250590465949,1.9631811274786852,1.3586756411250223,1.600127215653895,0.04836921135605821,2.1967590139376934,1.890252517000427,0.4822323974524,0.4158079204937599,0.4165616791052991,0.69120081741209,1.196366834346688,0.9847370014122088,0.6600885940935584,1.3937078790870348,0.3178224488152355,0.6641308312493813,0.8295541210177539,1.0317634285063146,1.7867497471933917,0.45445756374667695,1.1673173949204108,1.3484945873266896,0.10716997765122249,1.3750236942763154,0.3887756553668758,0.1485393640744948,2.159476521309691,2.1954917374675387,1.8437445990380394,0.6895450843574199,0.222094560483687,1.5503129373425046,1.0,0.2776939704068606,1.121976938516009,0.07984682900826086,2.0591380341962044,0.5872139536875298,1.5083487434926905,0.7082742738349111,1.184557255561898,1.2363295484166246,0.4208036726382414
C41,0.054113379001648344,7.719472790659867,5.9951655295628,4.866646148800703,1.2773408431401119,1.2755952160569293,0.47806422838935747,7.092675357351754,4.88083494425479,5.78540832488468,0.1739947370956816,7.914577251590704,6.819172825754552,1.7281439642711693,1.4860304658581047,1.4965129509573174,2.4906261904238103,4.302603002964299,3.51703379475567,2.3825064711277655,4.976725239629026,1.143002679696026,2.3854392572291125,3.0052590387569484,3.726266164454365,6.394671895034992,1.6263983249973788,4.181609277903436,4.820104448308791,0.3830329094830366,4.974065684658447,1.3959949454035223,0.5357067039408515,7.708667186633925,7.903316366210081,6.608246467063033,2.477162275586249,0.803091404314656,5.584095169097635,3.5774787478697005,1.0,4.03924745645102,0.2856458074563843,7.3912517362491075,2.1238149098865367,5.4236462846874085,2.550061476272071,4.2421851062165015,4.456973000587917,1.5142099423515059
C42,0.013460170130601551,1.9103123651356437,1.4777886259727293,1.212401329488838,0.3158692648265343,0.31453383088001297,0.1188255006259858,1.7429968130241569,1.2107225668411263,1.4245676047304283,0.04278668847002043,1.9624496662412405,1.6805108492416974,0.4283153403498223,0.3694338957981845,0.37263799847675944,0.6172087781010474,1.0568870332122788,0.8720508199603165,0.5915406972824251,1.2386680292830203,0.2813349345096655,0.5879643904171677,0.7399435235434605,0.9249000415549923,1.5854727980600511,0.40403131313621743,1.0343376254024625,1.197980591818959,0.09533096923750038,1.2251527438570826,0.34620374750253774,0.13315468084053986,1.9093499450236362,1.9492512495121763,1.6282182165311803,0.6174823046012412,0.19848082432758088,1.383140389557107,0.8916773218621374,0.247210193409569,1.0,0.07099237551360287,1.8358355300236713,0.5214536336379987,1.3401161435892757,0.6318403739717535,1.0482751101230323,1.1078736163147154,0.3756726756385342
C43,0.18987622361603348,27.270412269346053,20.82486134121306,17.045469051098983,4.455517299924789,4.486550409552876,1.6785140455933727,24.64161917652516,17.156244428317823,20.24088002423637,0.6036999936988117,27.792640971802633,23.837513196368196,6.07655025761927,5.230102396962474,5.246524718746339,8.739977857078035,15.013445668235212,12.357350392450407,8.298842882864399,17.53953204690434,3.9953448510793623,8.324560666357986,10.418870147009228,13.03670734513259,22.423169524077736,5.727477558488429,14.745447660884887,16.847141964710943,1.3471900560215515,17.295673240596148,4.900907228080029,1.8806789110840108,27.098070651654048,27.622685690128435,23.036595666756675,8.705957922460755,2.8142558997790705,19.529561897172663,12.556976449798983,3.500100719502306,14.19091854893446,1.0,25.915605051563332,7.376865237743826,18.958307194407467,8.939974827881581,14.795211904735451,15.573917261403567,5.273256662481364
C44,0.0073198477731140415,1.0449693563525189,0.8071364672533821,0.6596040636517535,0.1723927277685041,0.17190385319352391,0.06478256636513244,0.9523145637559882,0.6644764703444113,0.779890270206785,0.02326645217228788,1.0684618063351337,0.9139165805892226,0.2345121306012879,0.1996804407835461,0.20162163494804122,0.33626179042191146,0.5758211760452442,0.47700677691471566,0.3200614980590116,0.674069893623228,0.15432420039776565,0.3218162999031135,0.4025488076310199,0.5004735000706987,0.8595444026299297,0.2197262215920871,0.5667002895761449,0.6546036918346304,0.051970412547647886,0.6701522735995271,0.18866745875077182,0.0723384984500423,1.0409774113696548,1.066205692057293,0.8906119940872617,0.3356808634671789,0.10764617538095485,0.7522493563056034,0.48423176153992026,0.1353344781841352,0.5451451987832604,0.03847712815819313,1.0,0.28647001605620753,0.7259525281678778,0.34301156999981,0.5696235239366452,0.6029649457114784,0.2047249949507564
C45,0.025656252449067656,3.680097560063369,2.8180647878619167,2.3194996688777736,0.605455517528154,0.6056699339124548,0.22535441912973833,3.35658067107653,2.32473673791266,2.7263974112176164,0.08218094530033912,3.732770513727362,3.2230663720430113,0.8178198944231162,0.7048211150450178,0.7097652684103032,1.1704858462846615,2.019939350147508,1.6593083613867141,1.1247190441982138,2.3561748524777286,0.5407608512368662,1.1263107441735394,1.4118277281948304,1.7647060287695489,3.0152281743053453,0.7752950887507368,1.991602048725738,2.289780518323422,0.18177674406243885,2.3534586067501277,0.6577547120088468,0.2522364294876078,3.6503749169083917,3.735426905864785,3.103906976552225,1.1776338307530156,0.3809117060599267,2.6492349287445585,1.6994375879787418,0.47088563954590634,1.9174896566069393,0.13525042681397767,3.4939048317432575,1.0,2.5457826205956886,1.208946952132006,2.010491664223956,2.1167314918611866,0.7177750668488347
C46,0.01006635831965392,1.4348049067845499,1.1039852666973593,0.9020477611296216,0.23610641852883849,0.23687154391407395,0.08867844495837097,1.3122131089792537,0.9068923569089035,1.0698281367063538,0.03208662684120976,1.4648409056474552,1.258762458006754,0.3203412786666119,0.2752074184174038,0.2764566391000166,0.4592311344968852,0.7921699989058565,0.6533136287015532,0.4421230748476464,0.924527017421424,0.21185862825669782,0.4415482358031868,0.5541722435169809,0.6857428463072701,1.182034847152866,0.30166967399819555,0.7761884025432981,0.8902238334754492,0.07079110838465735,0.9150546210585022,0.25935043417696446,0.09892779988692484,1.4315399569414522,1.452620541638783,1.221311358239136,0.45931275487334117,0.1478477864873289,1.0329080173065732,0.6614095167487842,0.1841121472678309,0.7455653606107681,0.05261427201506239,1.3667597862477692,0.39058076516615403,1.0,0.47244935030769253,0.7857639439267019,0.8254757004822443,0.2791637582646331
C47,0.02144809441685379,3.04247119708313,2.3357451702429395,1.9208357984513564,0.4996529779627944,0.5007364856269078,0.18808956737414162,2.7853647108857227,1.926329403619825,2.273440354602846,0.06836692845295289,3.095607569809332,2.6609829106151013,0.681166839055847,0.5837456920213806,0.5887345649364725,0.9800690659500414,1.6856110382185128,1.3863930275188319,0.9326509640412513,1.967177324175796,0.4507318210153481,0.9403738098380211,1.1690942867785963,1.4641230072620797,2.50438645398985,0.6397862901587874,1.6410670020986167,1.900572113703408,0.151116315301507,1.9395311684799135,0.5473889800507108,0.2102897904617638,3.035772906422239,3.0816399826676344,2.5879165935955,0.9797344737461058,0.3134577303837545,2.183330391030293,1.4091233836021988,0.39454536920087935,1.5899953927298824,0.11242227470379552,2.909073165209627,0.8313323516232425,2.1126335452830562,1.0,1.6692709458726571,1.7595326820509574,0.5945690910231386
C48,0.012858828829689322,1.8310887746598115,1.4016358544745597,1.155554068914028,0.29958883387283014,0.30094924642876353,0.11241891104211532,1.6565245263548631,1.1547385640769046,1.3582472491157846,0.04080506432905899,1.8652980893829372,1.592572780343156,0.4075069692222629,0.35065637963842566,0.35292978208112624,0.5868782546917588,1.010540073612783,0.8336431119803307,0.5616255033519031,1.1754359974175903,0.2696253718504453,0.5610415570685079,0.7034633275879038,0.8796352874764303,1.5082946494935312,0.3858750040711428,0.9919855129718438,1.1430039567999182,0.09085968926364595,1.1671811044246339,0.32815368172990395,0.1263074454331824,1.82113574378416,1.8575198076012007,1.5568908854820547,0.5873543495364563,0.18861001601168137,1.3108746083494982,0.8459451596134915,0.23479650691572643,0.9559145584714437,0.06721575269570194,1.7414671751253523,0.4958679851959862,1.2754209055697703,0.6007004730444477,1.0,1.0494872725095208,0.3547427253490205
C49,0.012176398640423022,1.7347910092574992,1.3408642000297575,1.0960620001100774,0.28586052723216704,0.28539665732582203,0.1078551091711047,1.582901555632192,1.1014615035837843,1.2901375857970112,0.038818817953094484,1.7647629590367144,1.5220855179722026,0.39094528135524326,0.3330074791512433,0.3347289216603643,0.5544240588403367,0.9588174593497927,0.7876491867782165,0.5307214714202234,1.1218756495065656,0.25595291269433607,0.5338083903130093,0.6732053279006615,0.8312068922614537,1.4421967232746573,0.3653205196343877,0.9443237062466506,1.0846122358045718,0.08635990697717584,1.116516318719896,0.31208633501680444,0.12061469431322795,1.7328140275680566,1.7633041906847216,1.475715113486292,0.5579464830842948,0.17903390966506846,1.2519114226055565,0.8056661739931148,0.22475665940388154,0.9088764229473951,0.06400475148122804,1.659163834829441,0.47284140479346065,1.2078762926661153,0.5681571440232847,0.9498286057191695,1.0,0.3381493828190399
C50,0.03612641604276703,5.131103971378221,3.9431647956506044,3.2330896533973097,0.8415217005207601,0.8439664043193398,0.3170784298854201,4.671947488986201,3.24054532025754,3.839121243499358,0.1149862468808284,5.238068702392028,4.493751080004345,1.149533393561586,0.9807323206647984,0.9911440628962039,1.635956015354667,2.831450083390712,2.332873028044332,1.569098235329524,3.3169312108865685,0.7585903350698031,1.5818226759907044,1.9790232443875238,2.471016656431941,4.220213276401448,1.0830164212451416,2.765014088969052,3.206239574426527,0.25340380708630117,3.290752031839798,0.9268539452431117,0.35299344834558216,5.116376761858427,5.233606730760191,4.360302838953302,1.6515099927410133,0.5305393056594168,3.6871523003776194,2.3710197382122167,0.6594445440556225,2.679699942263057,0.18874279232696387,4.905575852065368,1.3983667019268362,3.577491895202826,1.6899392126815314,2.8203648766733793,2.9477517716322663,1.0
