,USD,EUR,JPY,GBP,AUD,CAD,CHF,CNY,HKD,NZD,SEK,KRW,SGD,NOK,MXN,INR,RUB,ZAR,TRY,BRL,TWD,DKK,PLN,THB,IDR,HUF,CZK,ILS,CLP,PHP,AED,COP,SAR,MYR,RON,VND,PEN,EGP,KWD,BHD,OMR,JOD,QAR,KZT,UAH,PKR,ARS,NGN,GHS,KES
USD,1.0,0.9199376010826218,150.4929602475705,0.7899976933191416,1.5167269198616038,1.3521622461434355,0.8799619960161482,7.1898209846390655,7.820573337602778,1.6422257452758768,10.349258235815473,1329.9994478987462,1.3399234969606,10.551002383513676,17.049208780326758,82.89483862284752,92.49538481352141,19.101258092727516,31.415513970152094,4.948458090079811,31.50292198671922,6.851624366425877,3.9977438895154602,35.79865332846217,15599.382506509224,361.9772049496495,23.40076020776183,3.650331335547078,969.2963142325478,56.13322044484302,3.670276498607784,3950.2071002186412,3.7500606543240527,4.750180145982521,4.580240095860365,24504.747182777184,3.789740774509276,30.898844638847365,0.30998438255772826,0.38125929854220697,0.3777295683858868,0.7100194595508579,3.6396483296126494,447.1494948205155,38.50367071412204,278.0121845774599,839.9813409859847,1499.9969668544713,12.500143569332305,145.22547339956523
EUR,1.0869895183567424,1.0,163.4411609459591,0.8564126014773655,1.6477409648223735,1.4675306122184624,0.9565539540051887,7.814704540095741,8.50074271012811,1.7742341600648024,11.250532072986248,1445.617908482187,1.4566089363200811,11.407302516416266,18.530770354622266,90.10022780369148,100.54307112788683,20.759970419057233,33.911343457694436,5.402696495502781,34.24076536589412,7.505149131785587,4.305784434745537,39.06420965715611,16955.113118845926,392.79557795542286,25.434618385486445,3.9628117447498945,1048.8414921098495,60.921927169182844,3.9892548210173704,4284.706975186204,4.0758968354282485,5.1630511812422055,4.977809103959337,26596.01029533021,4.11984118587864,33.58941940422601,0.33694799646690865,0.4130421699985924,0.41304545074403276,0.7717549944373472,3.956609477469176,489.1399222341294,41.587576787108524,302.17051155378556,913.0825239818261,1621.9119123011465,13.587264350484395,158.3899521943085
JPY,0.006643921584960057,0.006112652632920613,1.0,0.005249208572933136,0.010100197160010262,0.008922378975784196,0.005851458625489095,0.047772042283910306,0.05196234201921181,0.01082962058629956,0.0687700063289393,8.836522406115737,0.008903457199992066,0.07010451187414422,0.11329850153078344,0.5508344198592133,0.6146756632946749,0.1269050778127585,0.207319037185436,0.033023924363259516,0.20928408230817663,0.045515854742946615,0.026443943109202856,0.2383278381036451,103.66044263602649,2.3975890277087677,0.15547694817416466,0.024254221960739373,6.445265398644181,0.37273141426350276,0.02438476977069429,26.24452701895488,0.024916149514132867,0.03175691796493937,0.030434602551898806,163.2441744292131,0.02518189422749562,0.20530930214927876,0.0020597764773086047,0.0025248244510131168,0.0025248604541494944,0.004752080545178872,0.02418636795543131,2.98976624223619,0.25579846726565547,1.837404879645355,5.586519320029991,9.967484837402628,0.0830578082588987,0.9634213790439252
GBP,1.2658338981858963,1.1645428918150202,190.50674397513296,1.0,1.9242138658452972,1.709006793539744,1.1139667086044869,9.101941559647033,9.914210370239298,2.063466794307081,13.055297665968967,1692.671967552804,1.696349453040751,13.355405299450938,21.74534225520876,104.94204462887544,117.09784073662703,24.177095952466274,39.38798128359312,6.3244069940508165,39.5749556468322,8.67111068264073,5.038372202184991,45.12093310801253,19745.89284228735,458.2597745567849,29.511740295660925,4.6202773980095815,1221.6344846442046,71.01609922565203,4.645368305343643,4995.067725675369,4.725529308739498,6.018761604785991,5.79725842015965,31141.32474943436,4.797775633503572,39.11754151229881,0.3924032351337444,0.48105414065893776,0.4777081442665172,0.9041247988912396,4.607143920687507,569.6127340700222,48.737925371735216,351.8768533466699,1063.2168943078805,1898.7112458558333,15.822237332599562,182.28104347797398
AUD,0.6578553384409453,0.605246312859968,99.0228010163301,0.5197698525641455,1.0,0.8881892781760108,0.5789572887068445,4.729912386369102,5.144950676014838,1.0724391849025912,6.808725775086758,874.9760674580581,0.8815307639269462,6.896654501952603,11.217570809587182,54.54189260511618,60.84962827633914,12.565774404026827,20.526846165367257,3.269670835411565,20.724325915307094,4.527114307494435,2.618185115789493,23.539186612509305,10318.255810822096,238.16712060817463,15.395332633833515,2.4015445337102053,634.8405700275597,36.906443485685784,2.4142784731060676,2580.027775908356,2.463771806529545,3.1209961001899287,3.0350325526712396,16184.867145422115,2.4933042503487015,20.327249634264998,0.20392949277720993,0.25000758804115414,0.25148164806084017,0.46573019372115987,2.393786559755688,296.06851635343963,25.331219844601172,182.87766805057868,549.0254386552755,984.7591326011203,8.223535979330103,95.38796243533224
CAD,0.7407624290637893,0.6814528795939999,111.4928245074143,0.5852028811606031,1.1260123774134787,1.0,0.6519066257989211,5.32629632745724,5.824438538715557,1.215097785339503,7.667406285345405,985.1493353311516,0.9986584120795838,7.814408559348559,12.62861745523304,61.40188236823717,68.52159690979941,14.12478046436565,23.109763350777435,3.6813073541355323,23.333605571372015,5.073641516880995,2.948195820974452,26.519723757037955,11554.573289753196,268.16424881454185,17.33246789818122,2.70351314802122,714.8568437731016,41.551890867840264,2.700022138158245,2925.7352450716958,2.783818905902642,3.5442969376018656,3.4177734654739442,18220.616644817866,2.8075078583077255,22.904581145835007,0.22964726384904333,0.2815033887229559,0.28145664767286843,0.5238441651611697,2.6964047104909814,332.0451580280065,28.51574640477094,205.91395464196765,619.9412915134632,1111.0101949995737,9.258633370406459,107.41361487242955
CHF,1.1363640684468885,1.0454699888855392,171.02775593273842,0.898565791576062,1.7271171628659143,1.5264738567741851,1.0,8.169738247546094,8.885817076490987,1.8521915932366295,11.76234221386316,1511.3321652450675,1.5321741049141049,11.927616758053464,19.39172339287935,94.70338536558727,104.73149851770233,21.70599205865548,35.58825166354439,5.648167089633077,35.55467418320717,7.830221265309763,4.522757236126499,40.80649131408508,17725.858591943375,411.3973589306553,26.59028818961263,4.137348038488962,1093.302404950208,63.75567921982901,4.170667411429508,4482.070221779415,4.285294457270336,5.397623597563242,5.204844622781535,27954.1572459878,4.307084252998863,35.117013015509905,0.3522399187479623,0.4318230954748011,0.43180234776036874,0.8067617154129778,4.136065516757991,511.3631240895382,44.03226584507349,315.88529189829154,954.5544926584545,1704.6887337614908,14.205602034853706,164.78513624841335
CNY,0.1390835136591306,0.12710336970970593,20.945249149430637,0.10988560860374767,0.2113961552234211,0.18774760355062772,0.12239026920688849,1.0,1.091845509157915,0.22839149172243003,1.4394089068050278,184.97758660608443,0.18638091877195492,1.4654650410038443,2.3589426051702476,11.530066598796076,12.864919465223375,2.6564300571778094,4.320977878200623,0.691260311080128,4.370192759341126,0.9527760258747087,0.549856428458652,4.955752534396611,2169.6575160357756,50.34726028086403,3.254234407145325,0.5076543500601903,134.22608593051763,7.808637598864926,0.5103085467040178,545.6062436394747,0.52569656100964,0.6606775350679541,0.6365373756724239,3421.539398756239,0.5270703523678794,4.31650843205418,0.04311415330024932,0.052856087484985104,0.052789112489603614,0.09874785440559182,0.5062093531254196,62.35805028562702,5.35510554419746,38.66823831895057,117.04357740457512,207.25028692323525,1.7386622199490982,20.14513675243943
HKD,0.12787794652162082,0.11674350003927676,19.246589582573,0.1010156394228365,0.19437478192422217,0.1724322883454883,0.11253030529210208,0.9194955530396166,1.0,0.20845619345444383,1.323626259195885,171.06849323470826,0.1713507789250662,1.3461946877111675,2.1804528347499468,10.60089953776528,11.830178932718452,2.4422149236494195,4.007908654026593,0.6355046220505286,4.037766010655159,0.875934046486466,0.5089050985561716,4.578217511319127,1994.9238749682308,46.12367362580879,2.9921259937289064,0.4654278692012588,123.39033783674995,7.173209396782379,0.46929387899704167,508.39460312407437,0.47954457371725073,0.6098501284271295,0.5837203000222733,3145.7185362364944,0.4846091382618434,3.9605897191832895,0.03963881287473986,0.04859270064057747,0.04859273909699329,0.09079073246134273,0.4654595834473607,57.54737217948213,4.951684127954777,35.43390164935106,107.42560443664561,191.82597414582324,1.5983456091367676,18.542184586303875
NZD,0.6134725510962152,0.5643727154545365,92.83880665334871,0.48469667949891587,0.9361789972716525,0.8282724078984081,0.5398932885509112,4.41141502586624,4.797180196671246,1.0,6.349902499078456,815.9631928764541,0.8224945912990216,6.471828078075045,10.427972975224089,50.85513967905936,56.74942266625583,11.703645184907714,19.14018548354143,3.0490135589422773,19.467265988407835,4.202579969352264,2.441870813957772,21.962586159596146,9569.742029335035,221.98411189060025,14.354394493404259,2.2390462270610008,593.7018827841565,34.415338765260245,2.2515023116537547,2423.324378022895,2.3005288455494846,2.913921450188234,2.8051049533363246,15091.067977371487,2.3250208194559274,18.95593580223544,0.191470146464021,0.23314809928487237,0.2331267596627337,0.4355633296683782,2.221150117176269,276.08966771460564,23.620769243329196,170.5554904987926,516.3085146645055,920.2788389120243,7.692147316543976,88.80497352989725
SEK,0.09667412543065074,0.08889053798308184,14.541867945325302,0.0763294796513311,0.1474077791209217,0.13044337145339685,0.08503251952198125,0.6946899879702065,0.7555837426366933,0.1574970503041481,1.0,128.49094172542056,0.1294690054486953,1.019309239800952,1.6471967896332926,8.009472926117962,8.868494527536209,1.845474348945529,3.014364887425763,0.4834384329294348,3.0436464376306827,0.661850180361509,0.38452361494863674,3.4433065304079267,1507.3062153791436,34.97432473987477,2.260687984114856,0.35268825429161743,93.24482030263755,5.420446589670093,0.3545986141902487,380.62612869051355,0.36235040708980754,0.458978646497105,0.4425107770020727,2362.999108120152,0.3661900899841399,2.9854064948012993,0.030023821344482105,0.03671550998724878,0.03663864785248625,0.06860581662290618,0.35167332442842497,43.47446714473664,3.7196673236357483,26.787462576864552,81.16647783763969,144.93363838858116,1.207821802894375,14.010250262839662
KRW,0.0007518072029753248,0.0006952942795700929,0.11315170282756874,0.0005940112617075775,0.0011429693367366255,0.001014976617766844,0.0006616362288517059,0.0054058394901583765,0.005880020732419989,0.001220241664655707,0.007723338407957852,1.0,0.001007444488589032,0.007933013057993491,0.012818899415980209,0.062183827941693866,0.06954555600331849,0.01436037064938532,0.023456597928961116,0.003736839807698014,0.02368360234599712,0.005178204165478884,0.002992551259993697,0.02691614150476011,11.728242482952885,0.2721861402580229,0.01769368578703484,0.002758265242920029,0.7256043689978331,0.04217847314937045,0.002759571393779537,2.970032380347295,0.0027986263729241415,0.0035711733043134308,0.00344364047603104,18.495990598609396,0.0028495069019876173,0.023231107020393882,0.00023309607647019413,0.0002857424565230192,0.00028572627269410507,0.0005357025877718867,0.002736598514051575,0.33831004590768643,0.02894634158480997,0.20903243956018083,0.631490833345935,1.1214072593365723,0.00939801938337695,0.10901375417574391
SGD,0.7461942086918814,0.6827975005559037,112.31468250716289,0.5895967240116187,1.134286465866193,1.007489915271197,0.656743520446548,5.329368414849998,5.835611450312805,1.2165014389002244,7.72339110018838,992.5385863043655,1.0,7.872544139719592,12.723783454806695,62.30251147488802,68.78794261047919,14.254674561815365,23.283864699184274,3.7088185253721035,23.50604623378975,5.111872601268272,2.9782878862439897,26.71587128814584,11641.491397146461,270.13955858529994,17.544644027060052,2.710273897150731,720.0796930932399,41.867838496828604,2.739012421009011,2947.9589955339347,2.80849149458209,3.5521073117170974,3.4268817219032512,18356.418545600805,2.8282304168857295,23.060662599291575,0.230830721522472,0.28479101323242134,0.28357521362022714,0.5298890266308016,2.7164141767109364,335.97374978825303,28.73315350174233,207.44436736926346,626.8694533935403,1119.4699121978563,9.363222054157132,108.21887818829474
NOK,0.09479596102932389,0.0872073515674318,14.264825975214702,0.07490360565760146,0.14407123046292508,0.12796230934388284,0.08340921951754118,0.6814671682112757,0.7418771837677002,0.1543632286357861,0.9810096261483119,125.57145643456505,0.12700540219614534,1.0,1.6159688762681246,7.857806023108408,8.767291142461355,1.8104277501567083,2.9574268314807735,0.4711166030057065,3.0013797736288583,0.6492841905435707,0.3772596815592989,3.3936171819495113,1478.7497962705345,34.31207836403955,2.2179515919093595,0.3459413142628719,91.47638945139337,5.307350405629001,0.34788544696240775,374.40138104091864,0.3554372183073214,0.45348954737475156,0.4341553465095172,2331.9256778980584,0.3592734986311767,2.910299630346012,0.029385821825453698,0.036021431846837836,0.036015902543425425,0.06730016246401586,0.3456880515517866,42.65512116687519,3.6492291224247713,26.350244461261767,80.01758039489991,142.18231161767673,1.184805505960361,13.744251906839523
MXN,0.058653089876724566,0.053955161591243965,8.826328014086396,0.04633051979065769,0.08915698339163369,0.07917109568390569,0.051609303953406606,0.4185283300137478,0.4586119055035442,0.09610883580270302,0.6070277790106888,78.442166093454,0.07859653282521738,0.620099296975484,1.0,4.861943416020008,5.42552287219081,1.1216736360595683,1.829982666290394,0.2915153124199257,1.8476686240346507,0.40177092017937416,0.23341380395642886,2.0995554320205243,914.8926828368288,21.23186870900529,1.372536772769369,0.21501688860232104,56.61849330852749,3.290622586571261,0.2152432797590185,231.67098048026685,0.21994425867556705,0.2785675390682031,0.27010384319486713,1442.708678934844,0.22227070701656274,1.812483671200877,0.018183168117036727,0.022287725126781864,0.02228883499130439,0.04163874292632131,0.2144703496325736,26.40040331039921,2.258272336444631,16.306545160936608,49.33583798713209,87.97857519362185,0.7323907106453957,8.50458458518797
INR,0.012009449363385365,0.01109803553538869,1.8155486390128601,0.009528849846570637,0.01833577161173648,0.016285829843346127,0.01064668822475675,0.08733676679811035,0.09429427208072878,0.019662581351680735,0.12510189568021396,16.044342099298625,0.016162475848827153,0.12725479605570045,0.2056535113608733,1.0,1.1157238608326154,0.23037724280464722,0.37638366538631524,0.05986771048036793,0.38001089425542506,0.08204523143879108,0.04800865897914617,0.43186379706673034,188.83043000033206,4.366584978765525,0.2822943690961007,0.044030205348335384,11.641191777536456,0.6717163208254445,0.04426626652356226,47.92152178896182,0.04523806376990654,0.05729609004964442,0.05525046800482139,296.7264385197521,0.045719790475053985,0.3727684864644249,0.0037392601459857026,0.004583758970226719,0.0045839210013037075,0.008563935071986764,0.043911627835061286,5.427692309043804,0.4610600291100475,3.3672118918030782,10.132357752536688,18.092890666365072,0.15138787476367563,1.748996732554985
RUB,0.010856476701164013,0.00994673888370688,1.6394957874681693,0.008540098820225491,0.016431228514244355,0.01459428930500348,0.009563431141323095,0.077731395461735,0.08454295163215068,0.017622652017434064,0.11135201720805384,14.378780471616567,0.014487060109567141,0.11405004475776098,0.18433688846167864,0.896129035508547,1.0,0.20650671937212223,0.3372884166105695,0.05372709781796351,0.34052407437481985,0.07405474005817808,0.042946343236942935,0.3870040226081824,169.57414697133962,3.913604420357469,0.2529822361568811,0.03962224901742441,10.448474387917049,0.6065184811979477,0.03961808573583355,42.70259140936753,0.04053939722296223,0.05112522706173402,0.04951647110509637,267.51656664535534,0.040969658418564765,0.3361178858999997,0.0033511136971272402,0.004105664593914007,0.0041084153910415045,0.007668308261273685,0.03935350314109728,4.865116272926852,0.41701964213374376,3.0055185303369867,9.080702789762308,16.21508814940447,0.13514253020004297,1.5696799276588842
ZAR,0.05235161218253247,0.047993355369191,7.939180978093144,0.041361219910940696,0.07901688399537855,0.07064992059810898,0.046076539366192985,0.3788840647267926,0.4094563266492926,0.08529680030263576,0.5445373606635109,69.62885443715498,0.07016091502081347,0.552377037735385,0.8925847162335635,4.339911026298519,4.843347643709224,1.0,1.6335310974431392,0.2590627424481306,1.6492444504542974,0.3586469313715786,0.20742438316448808,1.8773702492485855,816.7828861470526,18.953716998263925,1.2252469206737955,0.19110445443246868,50.51954915116116,2.9370679612394275,0.1924526296690437,206.79662001454935,0.19633172127769774,0.2502966643258239,0.23979673081374106,1288.0608421177733,0.19841242078050525,1.6178391422054603,0.01622996863412024,0.019893870035470322,0.019893449595385318,0.037169525926069306,0.19057508489895217,23.52202444565167,2.0156327743611118,14.555471597915062,43.98324897853791,79.02898216263584,0.6592172463212024,7.579870487809764
TRY,0.03205432580428242,0.029539977567785446,4.82340232880985,0.02546049710569406,0.048720224333664054,0.043305095173203675,0.02820745754505967,0.23042714389626334,0.2514172592333787,0.052283167714372164,0.3317229144277193,42.62659394061617,0.04294527081068172,0.3386982388964102,0.5441788114790711,2.6572657483346886,2.9737083182804644,0.6121203891263349,1.0,0.15929329558898792,1.009604605269384,0.2195574035795685,0.12756445526486287,1.1474821254304637,500.0331426830216,11.60162303176042,0.749930891687806,0.11698773510007159,30.93121605807693,1.79799884156507,0.11703492891614677,126.59867188374623,0.12018306565011044,0.15224405918025444,0.14678147785091825,784.5389582193919,0.12140311031351458,0.9903827861981117,0.009936643156770836,0.012149657259572526,0.012276383885366109,0.02269278179077803,0.11667224016779709,14.421971810944466,1.233969166123733,8.843582732820378,26.925077849566602,48.07990531808148,0.40062754310605064,4.626270101416663
BRL,0.20191835695520133,0.18511690715957288,30.282885233242528,0.15998920891630702,0.30584764491794725,0.271652839032327,0.17777359175028637,1.4466682109498357,1.5732986660277652,0.32649179484218677,2.0825633650066235,267.63196589142757,0.26961428321912906,2.1148448522140746,3.430723378698891,16.68034612066555,18.485962762041474,3.8430204241348394,6.252084332454104,1.0,6.370164894215535,1.3783712714078509,0.8062461663081515,7.203014269225714,3139.1158788053667,72.84159258392462,4.697007235118503,0.734351629134728,194.03796106702023,11.286694119050848,0.738359553431258,794.7050139008666,0.7545985907531905,0.9483707303053268,0.9203381467878697,4974.008287639539,0.7625557384651076,6.216936149210452,0.06231130101845357,0.07646549704192704,0.07645915039360276,0.14285268193207962,0.7323785576406602,90.5491436262595,7.745870640339774,55.94040119846055,169.02697409464292,299.4072534795741,2.5148598835352227,29.174541818655022
TWD,0.03174606309591346,0.029203975023694505,4.777380068481503,0.025078024108607627,0.04825044421442222,0.04285910708563287,0.027934884221999124,0.22824690632565994,0.24967514273030852,0.05184670313839101,0.328561021063081,42.21911075648753,0.04254275880215403,0.3356996954203633,0.5452730772219148,2.631963486722482,2.936577025833571,0.6063155529740886,0.9904251851510385,0.15776338646132887,1.0,0.21867626805460658,0.12696142560076254,1.1364011798559797,495.2182986560963,11.491107705009194,0.7428627491660887,0.11587024169866937,30.632970050885785,1.780818818153176,0.11650245150260317,125.39364331502453,0.11928083739358877,0.1515956339562782,0.1453981640491999,780.924446538339,0.12032545419943454,0.9809934726161194,0.009841113353187473,0.012063634543028851,0.01206302841174318,0.022539846611014262,0.11535364560375343,14.389912598732426,1.2221443202865017,8.825458524432687,26.664025990941887,47.6187995128083,0.3997102222951323,4.603578596667865
DKK,0.14599002482814452,0.13429601947398856,21.9726827556467,0.11532319506559537,0.22187758887514092,0.1970712134805187,0.1284568719387204,1.053220854295444,1.1416741466698936,0.2379625363318683,1.511010791890883,194.17656306161496,0.1970753700572502,1.5400969685789478,2.4891428092353656,12.184934468524384,13.448073113647785,2.769080940758301,4.555188173929003,0.7255670631261674,4.598226385700712,1.0,0.581034250691934,5.252708362856613,2277.5019781378724,52.85106567568991,3.416101847025346,0.532829551527461,141.64111324397055,8.127976238149028,0.5358140272733061,576.6265773254842,0.5474701719949225,0.693429796201674,0.6685697790892556,3581.816550936606,0.555682529904987,4.529881141264484,0.04521375698985573,0.055878178582520054,0.055476705138822295,0.1035190858675812,0.5313889071465832,65.69742719443366,5.619981700436575,40.58656491496784,122.82850483322761,218.9648177578595,1.824976022284304,21.166292729894366
PLN,0.25242417934730604,0.2311542897136372,37.945342857712305,0.1984972142299709,0.3819350935850504,0.33921506293351733,0.2200064230213162,1.7982038418017283,1.9647658204872263,0.4088112812201203,2.600353732368403,336.08700693026424,0.3366674435208962,2.639907900224232,4.300244010455586,20.698471703864776,23.2047798055175,4.79868281847243,7.838499757547781,1.248788143134238,7.926578054595195,1.7211969570526167,1.0,8.99524750252188,3919.702351755892,90.94990797390957,5.879897369701548,0.9149461299398807,242.4551793624402,14.152936554839568,0.9221231115159753,992.5309709017421,0.9425073419070193,1.1933849129459697,1.150718176816477,6181.070948675059,0.9521893039548259,7.763882975557942,0.07788762704921877,0.095672293525859,0.09548320137755688,0.1783913377577928,0.9075295180636885,113.07542822060009,9.706413188146751,69.8517236708362,211.062065327763,376.8781474589241,3.1410119296283527,36.43362283547352
THB,0.02780417177916585,0.025697879899721488,4.203824380513488,0.022065273267689593,0.04277806366012089,0.03800894824432554,0.024664959953997125,0.20083163636307425,0.2184544685703086,0.045531796358378576,0.28908825000506927,37.14733119787161,0.037428844046995334,0.29467299823228293,0.4762106347634515,2.315453836937875,2.5837692688583656,0.5335131719442566,0.8714900251555984,0.13882071363430862,0.8799245408892891,0.1907244604158947,0.11081589551149641,1.0,435.7377425686783,10.11213232865122,0.6536279004063913,0.10195486272129076,26.955501488242184,1.5671373517001632,0.10251321905976124,110.32594774681621,0.10474970611438328,0.13269366785163908,0.1279208339745875,687.1389755182162,0.10586398470066222,0.8632108244469452,0.00861411727593606,0.01054326271679989,0.010615338764125968,0.01983111741192296,0.1016743314545515,12.569623706092344,1.0743810960131732,7.764841624381899,23.463785773975854,41.89930574095052,0.3491335517330369,4.049924114918686
IDR,6.409912688627323e-05,5.8593874006933985e-05,0.009701708589042696,5.064516326381124e-05,9.744037862131673e-05,8.654552461167052e-05,5.6368010793873485e-05,0.000460857182278545,0.0005012548254560328,0.00010493387355568634,0.0006628585256793838,0.08525706856669883,8.589613990506128e-05,0.00067625762103317,0.0010929657369370491,0.005286278672654255,0.005929295343433243,0.0012244018323512127,0.001999909869232002,0.0003186058034245137,0.0020191783892507436,0.00043913922540307886,0.0002569526426781167,0.0022947846734978927,1.0,0.023203190352171388,0.0015062451214063208,0.00023395403336344255,0.0619611478983249,0.0036170590332863534,0.0002352512867084374,0.2535739489924512,0.00024039120872884533,0.00030684416546977614,0.0002936087745546704,1.5769057790195606,0.00024301949164927205,0.001972850789196944,1.9869945211460045e-05,2.4357812410869284e-05,2.4359061423644615e-05,4.551719506464024e-05,0.0002333218379224739,0.028846045893364265,0.0024829056748959834,0.01781892338849433,0.0538477701953844,0.09616067070755545,0.000801282440779724,0.009294532093135565
HUF,0.0027626374123937984,0.0025412445832502933,0.4157549049660852,0.0021824994217655427,0.00419871605950873,0.0037296227056045324,0.002430132785911557,0.019905945070327367,0.02155580694951313,0.004521529245663105,0.02859375709770355,3.674081125127346,0.0037018919757872038,0.02914411174643252,0.04709639792854182,0.22898513773922854,0.2555030974321381,0.05276225100576031,0.08618454190738781,0.013729508961870774,0.08655062932426581,0.01892385913042247,0.010993895232404294,0.09838243357972382,43.09237118677425,1.0,0.0649382698192701,0.010110789919439879,2.6714171048200703,0.1549659872044614,0.01013854801760359,10.912439371434175,0.01043192111106061,0.013122211350601,0.012623405561955089,68.02128708414023,0.010453491534317964,0.08535671928884744,0.0008563759534060032,0.0010573779839902632,0.0010496452517723544,0.001948123168002483,0.010002270981933731,1.2430318467140316,0.10635947375075967,0.767999255962464,2.3204177574904654,4.147705328632562,0.034528846135717065,0.4005338941084634
CZK,0.042399264611316344,0.03936928960098736,6.432264751972898,0.03387820851045412,0.06495911749241814,0.05768927069947958,0.037527838909631864,0.3075570533250891,0.33681366288628384,0.06965938323771691,0.44232056617760174,56.84256263198859,0.057268019381060346,0.45083319181877235,0.7285960864852961,3.5424673866542946,3.952652177270598,0.816232695930145,1.3357372594000683,0.21240436221942,1.3544732402663757,0.2927184025933313,0.17122006669760728,1.529935022223952,662.1040575418475,15.471356918898675,1.0,0.15538186491473654,41.23889963730768,2.3975597305033407,0.15625001657344628,168.79251011968705,0.16010799029432815,0.20299571131540098,0.19572391301500466,1051.2282735068566,0.16197015442840346,1.3204023573322943,0.013247038946028297,0.016182901066845445,0.0163596903008366,0.030344658768908538,0.1553320612164851,19.23257494692315,1.6451835404373885,11.880392502793777,35.89673954488843,64.10663043081074,0.5341419257750539,6.244313240567194
ILS,0.2739476062981067,0.2520498560708237,41.23474185894003,0.2164476571828789,0.4164455575773147,0.3698435386578409,0.2410825281127534,1.9698702281947609,2.1579914574735035,0.44661387941723496,2.8353704387127423,363.08092360357864,0.3671592445465606,2.8903872538306152,4.671153221710447,22.714403901848534,25.342423239886966,5.233004170526615,8.515300516430257,1.355382245890886,8.588427002198745,1.8658369747390289,1.0903398994422948,9.77541575216352,4299.734133030263,99.17680145969562,6.414841013995517,1.0,264.3599641721435,15.348244614782631,1.005480533350325,1084.881159510521,1.0274375773972118,1.3014496913154958,1.251544052081707,6739.71949381717,1.038425226814452,8.435175932400861,0.0849230322207431,0.10411701353984716,0.10410269207438642,0.19450816445559851,0.9972995805041328,123.01015536860851,10.54790751733948,76.22876166689905,230.1417258158781,410.96015899050764,3.4437125606363703,39.64928927091016
CLP,0.0010363328668648237,0.0009533435828536374,0.1556682380144856,0.0008187318931158882,0.0015827393943981037,0.0013939076347679962,0.0009119594946117534,0.007450693116827033,0.008103108074177969,0.0016889629469655021,0.010724501805172166,1.3783312755848123,0.0013884637437415592,0.010931932431541466,0.017669580132045948,0.0857984983236135,0.09584927322847091,0.019791407908111812,0.03233461716348718,0.005150302663665358,0.032641741627201834,0.0070987870328354285,0.00412768631245888,0.037007014847579345,16.16737836540181,0.37512057034597196,0.024330289314058416,0.0037824459109093503,1.0,0.05813596018831322,0.0038029521290083947,4.093222662660382,0.0038861087669487733,0.004929895120274022,0.004746070691928586,25.545798954838173,0.003927337650903433,0.03202367531870383,0.00032125219520534625,0.000393816612197274,0.00039376118454983333,0.0007357332145066123,0.0037721754270686235,0.46635260987086574,0.0401727541887845,0.2880873127858325,0.8704566573075165,1.554414036328619,0.012953848636272984,0.15026820315699121
PHP,0.017825043958810932,0.016400504772922195,2.6825362570823894,0.014081630700574126,0.027093659012532634,0.024065729247061327,0.015685065331330118,0.1274184875026658,0.13938795996176473,0.029056463023442666,0.1844924827238781,23.709772252311335,0.023886432692995736,0.18816305095158298,0.3039494572465138,1.4775789899011236,1.6569057600329917,0.3391995949512191,0.5561546892791032,0.08858687817323202,0.561747398385756,0.12210341268726808,0.07093917535249922,0.6381760847355593,278.0675101964198,6.460842435395209,0.41674468915945867,0.06506207668267805,17.20066700203367,1.0,0.06541298912981193,69.84726019702227,0.06710101854241056,0.08467143498450876,0.08163574910018223,437.5144224761862,0.06755748780750065,0.5508116271374376,0.005527165873069747,0.006774057708435829,0.0067338728494407375,0.012655933615493038,0.06488696933171079,8.021917322103569,0.68625690603724,4.955339584271226,14.974093252275576,26.526168756180745,0.22283538859965613,2.5847754406868835
AED,0.2724686062666061,0.24914734317895512,41.0068646578429,0.21406022996225363,0.4141832485029723,0.36781245252937894,0.23978578683364096,1.9591311665570672,2.130689384833166,0.44617650127430064,2.824602877950793,362.4190700855646,0.36509165235199387,2.8847860042525197,4.6239191557125805,22.589793358112587,25.09097344286656,5.204702461076711,8.530365854881454,1.3541033052137614,8.617570256518652,1.8664124602351972,1.084489106249847,9.77510024606443,4250.839482123515,98.6409756768311,6.425757236457919,0.9945926617070259,262.9684301847209,15.285778983005443,1.0,1080.3614438658292,1.0218800037682836,1.298670905826669,1.2451751748080897,6702.78530711274,1.0326293532883242,8.419892997775326,0.08447503698798911,0.10354490898910655,0.10353571729143685,0.19309092771749625,0.9905349599879942,122.60702078122102,10.491085433761645,75.74900429041503,228.86882486804856,408.7511997947203,3.413201049171664,39.50805634767517
COP,0.00025132334073468343,0.00023359658177916383,0.038174552958604946,0.00020000659808546564,0.00038379204651209684,0.0003426478987119917,0.00022277779225834057,0.0018201904843443753,0.0019799082648626638,0.0004126929968301027,0.0026127838024667797,0.338395914546448,0.00033780462105192254,0.0026711267731469044,0.0043360593397475935,0.02098858858718788,0.023529608343732935,0.004835228639268385,0.007898085279698026,0.0012509778358681624,0.007974059231330356,0.0017300461133034856,0.001007674609019118,0.009063279983495326,3.9495634852313666,0.09164939397567681,0.005941748680596373,0.0009239678573377592,0.24443141221739664,0.01420339564353625,0.0009290939198800424,1.0,0.0009514966734817434,0.0012025186437143308,0.0011595449165390905,6.228373609927457,0.0009595475637476939,0.007822671132219457,7.848868211563315e-05,9.620494881167703e-05,9.620470860646184e-05,0.000179211387001739,0.0009260759818460493,0.1139231353873653,0.009746736308901579,0.0703863820897676,0.21266849037170385,0.3797093986746051,0.0031795522020039435,0.0367119534587527
SAR,0.2666680226899482,0.24374674578911912,40.1308521475205,0.21067273254300886,0.40534643614905136,0.3581506985841863,0.23467312520574368,1.9172266231170734,2.0828913702210903,0.43465771626861927,2.7599139823494583,354.6391178959398,0.3563798959569018,2.811933879126656,4.546411462650039,22.106731836201153,24.664955832273815,5.076268778332353,8.353030404451962,1.3268420983176308,8.400666344059855,1.8402676304121248,1.0612443218093992,9.546278064206007,4159.900884786981,96.5404382876884,6.23384955772871,0.9700892576681914,257.32812014482465,14.961469539591741,0.9757769475504343,1053.4382180717116,1.0,1.266670013965969,1.2214346849224114,6515.2429071673605,1.0038170899993892,8.24007700950223,0.08265967923987673,0.10133994170443984,0.1013392194840809,0.18933505191543737,0.9706123931262577,119.99270814941958,10.266037223986649,74.138706424062,225.2298513211837,397.01273825179914,3.333230024786494,38.6667361846128
MYR,0.2105396252244415,0.19368307925577796,31.468341335189713,0.16530543925903912,0.31997244416495085,0.2841957328854775,0.18528047018041482,1.5138328954617686,1.6345888453513404,0.3431693499497976,2.1787621386668086,280.25173533443774,0.2820930837394368,2.2212600076335662,3.589604146302115,17.45223880473827,19.49763602985588,4.021307400695773,6.56829172109617,1.0542771706889797,6.632040835308615,1.4421775661842324,0.8379164528934543,7.536677902288167,3284.1497576425163,75.9449944439973,4.926547606145841,0.7684747263702149,203.60168841624656,11.811593697136587,0.7725964915467673,831.6025345777965,0.7883402445998507,1.0,0.9643056608023833,5179.388737071438,0.7979040135603024,6.505536481887496,0.06494004626246921,0.08000150005026985,0.08000573017936832,0.1494824276735745,0.7615305034682004,94.74073697254003,8.106023091776917,58.52656643684403,176.83258068803406,315.7653398528649,2.6317397014744874,30.52360951774917
RON,0.2183215478644132,0.2005785425623019,32.727549863093095,0.17203232191374998,0.3316780202382974,0.29475159976895665,0.19212200436469215,1.5698125444686803,1.7075507856177197,0.35587587930096126,2.2444624183996043,290.37279579574965,0.29256519113024027,2.3034770797990256,3.7227526910849846,17.961739904231063,20.194489653145617,4.1700125499344205,6.81237467495464,1.085119038939349,6.867178623680107,1.4975282718259932,0.8631736313022658,7.816890478782948,3406.222369511279,78.51759854970163,5.076949438307365,0.7969696050272717,210.7109599143988,12.233716601505563,0.8070665976345709,861.5670753174269,0.8188415615919726,1.0371010429970535,1.0,5341.38207531075,0.8274527109393411,6.746479907620544,0.06794913397466645,0.0832237687240809,0.08297122760682478,0.15502389936687716,0.7971753824008422,98.2566006773294,8.405963863520881,60.69775896990188,183.6473235581938,327.81109712854703,2.7347692514767608,31.6619790823681
VND,4.065432851224543e-05,3.739591721835185e-05,0.00612518646901077,3.200569889316607e-05,6.178562785789108e-05,5.487822217760171e-05,3.577084333865723e-05,0.0002922908863394238,0.00032034331977123077,6.625654704802276e-05,0.0004207595236469177,0.054055310424247424,5.4126676212282834e-05,0.00042890153443443386,0.0006960037504719783,0.003370045418700284,0.003760398625689906,0.0007781394229227961,0.0012681767340737258,0.00020204648333108134,0.0012805532296914837,0.0002793665994973205,0.00016179268292218382,0.0014553323132138207,0.6341220028056052,0.014649771499854051,0.0009512004750649461,0.00014953998641578962,0.039223965928885086,0.0022937457589761612,0.00014918780062101245,0.16057634172310614,0.00015242790480373946,0.0001930929344716073,0.00018619384035653192,1.0,0.00015406082035921814,0.0012561082947063864,1.2602076216201494e-05,1.5504091612511294e-05,1.544725117394661e-05,2.8860767059729077e-05,0.0001479675955685976,0.018291189693396725,0.0015651964905985351,0.011299809778450649,0.03414623415139829,0.06127264473355362,0.0005096965875417282,0.005856665715611247
PEN,0.26385982332707336,0.2427296913567162,39.46192023284426,0.20845132646015124,0.4010776085523005,0.35620347770043576,0.23219360357979182,1.90178947409162,2.0633427472954198,0.43011595003601477,2.7307174772865976,350.89177441555756,0.35358940549287654,2.783891610849803,4.498533706782474,22.003147879632962,24.4066728527214,5.043573266603148,8.232366284111043,1.3186593774429973,8.311892841956382,1.8150980713251101,1.0501320462851989,9.44528551722938,4100.9593989746345,95.51163306893652,6.174087440720162,0.9630774560994129,254.6422923256834,14.80088695021831,0.9682501509827728,1034.983662154688,0.982815828976975,1.2533819633486663,1.2084843666129925,6490.402872728218,1.0,8.15230420586791,0.0816403951147326,0.10025601592014212,0.10026861509285623,0.18732371307270307,0.9603607880002327,118.7402596394858,10.232064862532097,73.35081440428465,221.64311878177966,395.4201491255957,3.2983009098252896,38.25719526590395
EGP,0.032364398710190506,0.029774882087132765,4.900196511156865,0.025419155976344896,0.049382403534209036,0.0436874784841484,0.028530636936814527,0.23269838834791878,0.25307792368635734,0.05264599230517076,0.3349464755129605,43.04521987659019,0.04349651787429424,0.34139537660756003,0.5517929180343046,2.6828815825888044,3.015744272860999,0.6220689929803926,1.0097629070821843,0.1604998748864568,1.0194666495942197,0.22117492486166251,0.1287211941110167,1.1585031155381331,501.98612064812085,11.715428938797785,0.7572225622329698,0.11811519132409878,31.227767591480728,1.8156354582954264,0.11896975174706709,127.82656991104913,0.12136072618455117,0.1535806952066007,0.14821933511634502,796.1548836215113,0.12264800728682454,1.0,0.010045774291211278,0.012218525084490856,0.0122919054403616,0.02312443929424933,0.11779757441942953,14.563077704764561,1.2458678582332074,9.038578085975752,27.184616903228903,48.54839371318255,0.4059398011906016,4.692921735012865
KWD,3.2259562354698015,2.967988940525826,484.79510478890364,2.5485984612375283,4.918252857298957,4.354680666487901,2.8389193592119444,23.193829624000365,25.42103641878153,5.257816976691424,33.385399331049115,4302.944661097171,4.322662666424845,34.03250970256217,55.00121008183555,267.4126222583697,298.37027009005396,61.61272637075555,100.64504059140977,16.032350672431104,101.61456683910384,22.078519594720838,12.846437447397891,115.47560026828612,50318.048627471355,1167.6950647265721,75.48192643023822,11.773281417722453,3134.224833101102,180.9593357888676,11.839299175147396,12741.151664848527,12.095651748912035,15.321377909369224,14.773597988410364,79349.26234900147,12.225383020864678,99.68295021269242,1.0,1.2259120195745492,1.2258636329287478,2.280795627032057,11.745735050907685,1451.5824229110262,124.18506460143685,896.786636378925,2709.4373919475624,4846.073686964256,40.3245424175535,467.74748820879523
BHD,2.611075709789994,2.414529147406883,396.02528315326884,2.0790887406224403,4.026874038764039,3.5528788074130193,2.315931388611536,18.818420841209697,20.577633680221926,4.284400848185561,27.23696684502219,3504.185073609274,3.526046666705681,27.763198462797657,44.86657415309478,218.1415408253017,242.68218250999334,50.262853034704044,82.09747447696874,13.083802738623904,82.90268626972747,18.004265363372625,10.54352487899854,94.20230545403876,41048.57497570436,952.6617678231156,61.572951500390616,9.604495167346908,2539.354935656765,147.63475256273915,9.666583310964503,10394.121036902641,9.805501595527806,12.500438898321114,12.053728059077587,64731.34786372483,9.927867933471077,81.31838412871922,0.8157867773807863,1.0,1.0000874774989832,1.8682811738115814,9.578419834756922,1184.129902589047,101.31377391365233,731.5845869691083,2210.424770753228,3944.0635724269214,32.89350799660956,380.6587546189344
OMR,2.6497981880277197,2.4210613264619636,396.0269072319423,2.078760234635633,3.999911570440509,3.5522944761479684,2.31582055657353,18.921190583408833,20.577475585096877,4.289548100320836,27.23945524757911,3500.2966992440197,3.5260002517455544,27.618315886501733,44.67799763421243,218.15584759807032,243.40828597090277,50.262196027068654,82.10606689401693,13.079773684878129,82.51135313957163,18.0272191578859,10.4730781523989,93.52215796063821,40909.433186504066,952.5974765158026,61.57701661400516,9.605690772483728,2539.5539032687525,147.63662576721765,9.658543099482158,10394.200145416833,9.868831919979867,12.50090552587022,11.977317822543315,64734.12376554305,9.973680742819093,81.31713339190168,0.815950121957365,0.9992697375864139,1.0,1.8769886217068077,9.648277342191,1184.1733606988828,101.30956264999494,731.6493271782372,2210.436284571937,3947.432010907119,32.89361423549371,382.90349136634103
JOD,1.4085444362714816,1.2957248396145882,210.31609204711123,1.1126123511040704,2.1408020653406803,1.901199581302283,1.2394156906506146,10.170109891892674,11.01321461487156,2.2956585604886666,14.613828951063395,1873.366182934298,1.8748333670758381,14.898473404563951,24.0157244134386,117.30863172751245,130.27781598033562,26.90103993523347,44.08915090831285,7.000600158034059,44.365151185794836,9.648580438934744,5.605676598701732,50.41956573913876,21973.45520088783,507.5768397487348,32.88391620862295,5.141126384478075,1359.0290069421442,79.00931778264265,5.169041226408877,5562.9466957584755,5.28191408931846,6.690316671402886,6.451325445509871,34650.994951180495,5.327326581616532,43.774022302961725,0.4380518646613297,0.5351809757775626,0.5324307926865715,1.0,5.126318866725155,633.824831398484,54.2301081129348,388.5644673100004,1183.0965991441542,2112.5395390864874,17.604056141309574,204.22429039458586
QAR,0.2761282829169865,0.2527507430648178,41.13344061106777,0.21702808321091185,0.41941892386937657,0.3681217136472807,0.24176353387565455,1.9680405120734317,2.138372885489321,0.45133019136927627,2.843258418195231,365.411954167946,0.3695394624267758,2.898154792816289,4.684003137515463,22.87449153434689,25.298535008651097,5.246758402384705,8.550964361755346,1.3562389231120486,8.68936925047343,1.8853885950590228,1.0933973734793214,9.835729492770472,4285.97846394743,99.45955336844625,6.428194001215096,1.0090674358846625,265.3790009657482,15.412043131659038,1.0082472146801154,1085.1712442303465,1.0322678141201225,1.3050607863770984,1.2582790810312867,6757.6124764922715,1.0412804178813915,8.488603659450854,0.08516114205326869,0.10438531567471583,0.10439236983440175,0.19631841990564453,1.0,123.62472608326985,10.576895893977785,76.8121411998393,230.7648215288279,412.0982244034014,3.433911817000877,39.770483764916854
KZT,0.002222010563476466,0.0020426635428545054,0.3344252740769237,0.0017455799716300413,0.003377567267008806,0.002999727864805685,0.0019554542470021597,0.015978198718487217,0.01724530677998573,0.0036218639055014346,0.023103416879432383,2.9555726753943112,0.0029775017125704996,0.02344413075857569,0.03788685769288115,0.18422621975499423,0.2054700598379231,0.04244104860407423,0.06898615790418203,0.011045402803250835,0.07052354658344857,0.015223572780457202,0.008823874365287416,0.07910322288684898,34.66498224294393,0.8044592914809651,0.05200075213141395,0.008111180184541135,2.144306817004144,0.12465726286376107,0.0081553798557017,8.842427147974144,0.008333525424240994,0.010519338734302571,0.010178764927641198,54.66771589792066,0.00842141355016862,0.06850739861709045,0.0006889393264453646,0.0008444058863188834,0.0008445005245914467,0.0015776801363483204,0.008089196402956533,1.0,0.08555067517570632,0.6178148750577253,1.8666062806018666,3.3331833671253817,0.027915456825594338,0.3222122759798321
UAH,0.026105716833131926,0.023894687055656956,3.909045557108883,0.020519974072267366,0.03948242477788037,0.0350633834704607,0.022863618070816046,0.18673863073697114,0.2031204578364247,0.0421507711286676,0.2688431381541804,34.54685415380413,0.03480402797066409,0.27572691732545107,0.44285402536426016,2.15315537924427,2.4024523594960647,0.4961016256688674,0.8104369052180773,0.12934015017325484,0.8146713503191912,0.17793099038224142,0.102572984299179,0.9298307602051052,405.2019600683249,9.402651251215906,0.6083543960682173,0.09444197992608186,24.972617867076227,1.457007933762967,0.09532760828481927,102.59248077498849,0.09739676354397801,0.12336857971637868,0.11896128586787824,638.9050120958682,0.09844657624398845,0.802596253217266,0.008052181574902756,0.00987008828937479,0.009870100059908224,0.018442052695938627,0.09454472455624435,11.687353382167018,1.0,7.1685974095398315,21.83744840074241,38.96220535896418,0.32555223404007466,3.766543043190351
PKR,0.003597226026480882,0.00330958861242336,0.5397173096224792,0.002841682001965661,0.005467660646624499,0.004849263225295166,0.00316524239074023,0.025693561476106894,0.02813135111795307,0.005853877646263407,0.03696632169073954,4.784198411295897,0.004839861383019656,0.03794613562032197,0.0613312260851176,0.30022072938823025,0.33276591694242613,0.06870966635435967,0.11246090193046489,0.01787858212553267,0.1138399722238217,0.024639420178406778,0.014384335121803966,0.12878015959124228,56.110353601354156,1.30242084004915,0.0846807736708793,0.01313062012120298,3.45936853184918,0.20181226017007653,0.013201587981631279,14.20765965534415,0.013543068947086801,0.01708475024167663,0.01647363600443749,88.4873053422288,0.013632042871942798,0.1111608247052847,0.0011151673461326699,0.0013614497125203052,0.001360511140373965,0.0025540721016702067,0.013092428786311271,1.627976398318075,0.13849067240689,1.0,3.0180403831521843,5.395220608437644,0.04496101960031777,0.52160110479168
ARS,0.0011839077100028763,0.0010953311556271335,0.1791796850671108,0.0009408733931378498,0.0018093785104105974,0.001607164101255946,0.0010444486073992775,0.008558685025263295,0.00930872334745222,0.0019558090139472845,0.012321746844899081,1.5832374762285868,0.0015950982212538667,0.012560683995666792,0.020297279033924122,0.09869817612976836,0.11012056670306654,0.022735856227878534,0.037416737706542774,0.005929975803243033,0.037502047369336926,0.008154190312773315,0.004704945386849136,0.04264284668863886,18.45300607526291,0.43093213884687886,0.027842880483718396,0.004345478716814842,1.1488239305460037,0.06717555932031477,0.004368848194876351,4.702413193390072,0.004464220800800459,0.005655055160285277,0.005452190321360931,29.070429955476584,0.004511525443130555,0.036785839924999855,0.0003680416746266441,0.00045237127460202094,0.00045235438905947114,0.0008453144599393026,0.004332958012049635,0.5357102392022248,0.04583487345771795,0.32847210616967465,1.0,1.7858497647726304,0.014881678622846423,0.17188517010482024
NGN,0.000666726637347871,0.0006133706687798991,0.10041508979177584,0.0005308032325754144,0.0010133726106661973,0.000894813255705362,0.0005866476884560862,0.0047932591358395135,0.005246166747109752,0.0010867659990784213,0.006900199477265733,0.8914696981503382,0.0008932468106448217,0.007033812412289122,0.01136748675324306,0.05526635031692178,0.061174697706292344,0.012732587412358045,0.02079922776368409,0.003313028344233316,0.021036959149970603,0.004567040413403407,0.0026473082367309865,0.0238669934502686,10.409344577330648,0.24130953647135417,0.015599014909074418,0.0024509281209224884,0.6433201221810549,0.037242008879983454,0.0024465949438578338,2.633343137374947,0.002499838683701313,0.003166540191191915,0.0030533225270430162,16.40007386313336,0.0025268052827702226,0.02058105595744998,0.00020587789647157144,0.00025332646505638436,0.0002533108527730275,0.0004721071914798163,0.0024265946210734,0.3000164559867763,0.025720064000047,0.1852291475544757,0.559949804232542,1.0,0.008394015705625112,0.09667187491351921
GHS,0.08062090412284256,0.07348501983957424,12.055502851581348,0.06286212838977907,0.121591341702806,0.1080031971030691,0.07039828100514271,0.5752533460469988,0.6255610555075239,0.13040552503166422,0.8273363205385553,106.40101119746265,0.10720555377190137,0.8495157507652327,1.3640260607797372,6.63227413812789,7.399783434356533,1.527864629168453,2.4960288326068016,0.3988667755984211,2.519937288123728,0.5479984711575708,0.31838053253864257,2.8640719300089983,1247.9767473541124,28.96165597334271,1.8718901713888243,0.2919360932470402,76.89838618964411,4.452992391539894,0.29361605421501724,315.9993909093806,0.30088785118051686,0.38002495466730046,0.36858170146651004,1967.9802973628111,0.3032209066514832,2.471896726742328,0.024944418943551754,0.030400810546967784,0.030401430038203028,0.05665988923883312,0.2911800978608749,35.99810432433883,3.0802550789615504,22.31568340546144,67.20466088861573,119.98912298110267,1.0,11.66275166152504
KES,0.006897126929246984,0.0063454302400591115,1.037854925186589,0.005484239991618678,0.010562675671644635,0.009382639601600476,0.006069221450626131,0.049431472165857006,0.053929111490587024,0.01124195666403371,0.0716217476331725,9.17227480706465,0.009241197857142336,0.07275159498036858,0.11758105005753726,0.5717563977708756,0.6359779263035041,0.13173352613623251,0.2160184450553254,0.03427502828022814,0.2172467665092172,0.04723998081635621,0.02745080102522949,0.2468941024897141,107.58850705642708,2.4966263584147663,0.1620909787438755,0.025171933217563083,6.655471080751091,0.38691519909177524,0.025308548176071914,27.239755193037702,0.026004137766278818,0.032758806547837575,0.031588786753292235,168.54447650395107,0.026136594715450465,0.2131057567657808,0.002125055950984794,0.002629584411458592,0.0026206720536974823,0.0048819991043349414,0.025104996980533808,3.0968485254685585,0.26549793290661616,1.9172452161154465,5.793090476186407,10.38148739075609,0.08620788792570842,1.0
